ST	n_countries	n_continents	datasets_present	subset
ST10-1LV	1	1	KlebAMRnet	A unique
ST10-2LV	1	1	KlebAMRnet	A unique
ST1013	3	2	KlebAMRnet	A unique
ST1015	6	4	KlebAMRnet	A unique
ST1026	4	2	KlebAMRnet	A unique
ST1027	1	1	KlebAMRnet	A unique
ST1037	6	4	KlebAMRnet	A unique
ST104-1LV	1	1	KlebAMRnet	A unique
ST104-2LV	1	1	KlebAMRnet	A unique
ST1043	3	3	KlebAMRnet	A unique
ST1045	1	1	KlebAMRnet	A unique
ST1047	1	1	KlebAMRnet	A unique
ST1048	1	1	KlebAMRnet	A unique
ST1049	6	4	KlebAMRnet	A unique
ST105-1LV	2	2	KlebAMRnet	A unique
ST1061	1	1	KlebAMRnet	A unique
ST1061-1LV	1	1	KlebAMRnet	A unique
ST1065	2	2	KlebAMRnet	A unique
ST107-1LV	1	1	KlebAMRnet	A unique
ST107-2LV	1	1	KlebAMRnet	A unique
ST107-3LV	1	1	KlebAMRnet	A unique
ST1074	3	3	KlebAMRnet	A unique
ST1076	2	1	KlebAMRnet	A unique
ST1078	1	1	KlebAMRnet	A unique
ST108	2	2	KlebAMRnet	A unique
ST1081	1	1	KlebAMRnet	A unique
ST1082	4	3	KlebAMRnet	A unique
ST1084	2	2	KlebAMRnet	A unique
ST1086	2	2	KlebAMRnet	A unique
ST1087	5	3	KlebAMRnet	A unique
ST1089	1	1	KlebAMRnet	A unique
ST109	2	2	KlebAMRnet	A unique
ST1093	2	2	KlebAMRnet	A unique
ST11-2LV	1	1	KlebAMRnet	A unique
ST1103	1	1	KlebAMRnet	A unique
ST1104	1	1	KlebAMRnet	A unique
ST1108	2	2	KlebAMRnet	A unique
ST1109-1LV	1	1	KlebAMRnet	A unique
ST111-1LV	3	3	KlebAMRnet	A unique
ST1114	3	3	KlebAMRnet	A unique
ST1116	1	1	KlebAMRnet	A unique
ST1122	1	1	KlebAMRnet	A unique
ST1123	1	1	KlebAMRnet	A unique
ST1124	1	1	KlebAMRnet	A unique
ST1128	3	3	KlebAMRnet	A unique
ST1135	1	1	KlebAMRnet	A unique
ST1140	2	2	KlebAMRnet	A unique
ST1141	5	2	KlebAMRnet	A unique
ST1145	5	3	KlebAMRnet	A unique
ST1159	1	1	KlebAMRnet	A unique
ST116-1LV	1	1	KlebAMRnet	A unique
ST1161	3	2	KlebAMRnet	A unique
ST1162	1	1	KlebAMRnet	A unique
ST1164	3	2	KlebAMRnet	A unique
ST1180	4	2	KlebAMRnet	A unique
ST1189-1LV	1	1	KlebAMRnet	A unique
ST1192	2	2	KlebAMRnet	A unique
ST1199	2	2	KlebAMRnet	A unique
ST12-1LV	2	2	KlebAMRnet	A unique
ST120	2	1	KlebAMRnet	A unique
ST1200	1	1	KlebAMRnet	A unique
ST1203	3	2	KlebAMRnet	A unique
ST1203-1LV	1	1	KlebAMRnet	A unique
ST1229	8	4	KlebAMRnet	A unique
ST1229-1LV	1	1	KlebAMRnet	A unique
ST1229-2LV	1	1	KlebAMRnet	A unique
ST1233	1	1	KlebAMRnet	A unique
ST1235	4	3	KlebAMRnet	A unique
ST1236	2	1	KlebAMRnet	A unique
ST1237	1	1	KlebAMRnet	A unique
ST1239	1	1	KlebAMRnet	A unique
ST1243	8	4	KlebAMRnet	A unique
ST1245	2	1	KlebAMRnet	A unique
ST1248	2	2	KlebAMRnet	A unique
ST1254	1	1	KlebAMRnet	A unique
ST1265	3	2	KlebAMRnet	A unique
ST1269	3	2	KlebAMRnet	A unique
ST1272	1	1	KlebAMRnet	A unique
ST128-1LV	1	1	KlebAMRnet	A unique
ST129	4	3	KlebAMRnet	A unique
ST1290	2	2	KlebAMRnet	A unique
ST13-1LV	2	2	KlebAMRnet	A unique
ST130	1	1	KlebAMRnet	A unique
ST1301	2	1	KlebAMRnet	A unique
ST1303	8	6	KlebAMRnet	A unique
ST1303-1LV	1	1	KlebAMRnet	A unique
ST1309	2	1	KlebAMRnet	A unique
ST1317	4	2	KlebAMRnet	A unique
ST132-1LV	1	1	KlebAMRnet	A unique
ST1326	2	2	KlebAMRnet	A unique
ST133-1LV	1	1	KlebAMRnet	A unique
ST1333	4	2	KlebAMRnet	A unique
ST136	1	1	KlebAMRnet	A unique
ST1362	3	2	KlebAMRnet	A unique
ST1377-3LV	1	1	KlebAMRnet	A unique
ST1380	6	3	KlebAMRnet	A unique
ST1380-1LV	1	1	KlebAMRnet	A unique
ST1382	1	1	KlebAMRnet	A unique
ST1383	2	2	KlebAMRnet	A unique
ST1387	1	1	KlebAMRnet	A unique
ST1391-4LV	1	1	KlebAMRnet	A unique
ST1396	1	1	KlebAMRnet	A unique
ST1399	4	3	KlebAMRnet	A unique
ST14-1LV	8	3	KlebAMRnet	A unique
ST14-2LV	2	2	KlebAMRnet	A unique
ST14-3LV	1	1	KlebAMRnet	A unique
ST1401-2LV	1	1	KlebAMRnet	A unique
ST1411	6	4	KlebAMRnet	A unique
ST1419	6	5	KlebAMRnet	A unique
ST1426	7	3	KlebAMRnet	A unique
ST1429	2	2	KlebAMRnet	A unique
ST1430	2	1	KlebAMRnet	A unique
ST1431	1	1	KlebAMRnet	A unique
ST1432	1	1	KlebAMRnet	A unique
ST1436	4	3	KlebAMRnet	A unique
ST1438	2	2	KlebAMRnet	A unique
ST1440	3	3	KlebAMRnet	A unique
ST1444	1	1	KlebAMRnet	A unique
ST1447	3	3	KlebAMRnet	A unique
ST1451	2	2	KlebAMRnet	A unique
ST1454	8	5	KlebAMRnet	A unique
ST147-1LV	10	5	KlebAMRnet	A unique
ST147-2LV	1	1	KlebAMRnet	A unique
ST1471	2	2	KlebAMRnet	A unique
ST1476	1	1	KlebAMRnet	A unique
ST148	1	1	KlebAMRnet	A unique
ST1480	3	1	KlebAMRnet	A unique
ST1481	1	1	KlebAMRnet	A unique
ST1487	2	1	KlebAMRnet	A unique
ST1493	1	1	KlebAMRnet	A unique
ST1495	1	1	KlebAMRnet	A unique
ST1496-1LV	1	1	KlebAMRnet	A unique
ST15-1LV	11	3	KlebAMRnet	A unique
ST150	2	2	KlebAMRnet	A unique
ST150-1LV	1	1	KlebAMRnet	A unique
ST1500	1	1	KlebAMRnet	A unique
ST1502	1	1	KlebAMRnet	A unique
ST1506	2	2	KlebAMRnet	A unique
ST1516	1	1	KlebAMRnet	A unique
ST1517	1	1	KlebAMRnet	A unique
ST1518	2	2	KlebAMRnet	A unique
ST1519	2	2	KlebAMRnet	A unique
ST152-1LV	1	1	KlebAMRnet	A unique
ST1521	2	2	KlebAMRnet	A unique
ST1522	1	1	KlebAMRnet	A unique
ST1526	2	2	KlebAMRnet	A unique
ST1534	1	1	KlebAMRnet	A unique
ST1544	1	1	KlebAMRnet	A unique
ST1552-1LV	1	1	KlebAMRnet	A unique
ST1554	2	2	KlebAMRnet	A unique
ST1558	1	1	KlebAMRnet	A unique
ST1565	3	2	KlebAMRnet	A unique
ST157	1	1	KlebAMRnet	A unique
ST1577	1	1	KlebAMRnet	A unique
ST158	3	2	KlebAMRnet	A unique
ST1587	1	1	KlebAMRnet	A unique
ST16-1LV	4	3	KlebAMRnet	A unique
ST1604	1	1	KlebAMRnet	A unique
ST1607	1	1	KlebAMRnet	A unique
ST161-1LV	1	1	KlebAMRnet	A unique
ST1613	4	4	KlebAMRnet	A unique
ST1616	1	1	KlebAMRnet	A unique
ST1625	1	1	KlebAMRnet	A unique
ST1626	8	3	KlebAMRnet	A unique
ST1628	1	1	KlebAMRnet	A unique
ST163-2LV	1	1	KlebAMRnet	A unique
ST1630	6	3	KlebAMRnet	A unique
ST1640	4	3	KlebAMRnet	A unique
ST1646	2	1	KlebAMRnet	A unique
ST1653	4	4	KlebAMRnet	A unique
ST1658	7	4	KlebAMRnet	A unique
ST1658-2LV	1	1	KlebAMRnet	A unique
ST1660	1	1	KlebAMRnet	A unique
ST1661-1LV	1	1	KlebAMRnet	A unique
ST1664	1	1	KlebAMRnet	A unique
ST1665	2	2	KlebAMRnet	A unique
ST1666	1	1	KlebAMRnet	A unique
ST168	2	2	KlebAMRnet	A unique
ST1680-1LV	1	1	KlebAMRnet	A unique
ST1685	2	2	KlebAMRnet	A unique
ST1686	3	2	KlebAMRnet	A unique
ST1691	3	2	KlebAMRnet	A unique
ST1692	1	1	KlebAMRnet	A unique
ST1693	1	1	KlebAMRnet	A unique
ST1695	1	1	KlebAMRnet	A unique
ST17-1LV	3	3	KlebAMRnet	A unique
ST1709	4	2	KlebAMRnet	A unique
ST171	1	1	KlebAMRnet	A unique
ST1710	1	1	KlebAMRnet	A unique
ST1714	1	1	KlebAMRnet	A unique
ST1715	2	2	KlebAMRnet	A unique
ST1715-1LV	1	1	KlebAMRnet	A unique
ST1724	1	1	KlebAMRnet	A unique
ST1727	4	2	KlebAMRnet	A unique
ST1735	1	1	KlebAMRnet	A unique
ST1738	1	1	KlebAMRnet	A unique
ST1746	2	2	KlebAMRnet	A unique
ST175	1	1	KlebAMRnet	A unique
ST1755	1	1	KlebAMRnet	A unique
ST1758	5	4	KlebAMRnet	A unique
ST1764	2	1	KlebAMRnet	A unique
ST1766	1	1	KlebAMRnet	A unique
ST177	1	1	KlebAMRnet	A unique
ST1774	4	4	KlebAMRnet	A unique
ST1779	8	4	KlebAMRnet	A unique
ST1779-1LV	1	1	KlebAMRnet	A unique
ST1780	1	1	KlebAMRnet	A unique
ST1782	3	3	KlebAMRnet	A unique
ST1785	1	1	KlebAMRnet	A unique
ST1787	7	4	KlebAMRnet	A unique
ST1788	4	4	KlebAMRnet	A unique
ST179	1	1	KlebAMRnet	A unique
ST1792	1	1	KlebAMRnet	A unique
ST1798	5	3	KlebAMRnet	A unique
ST1799-1LV	1	1	KlebAMRnet	A unique
ST18-3LV	1	1	KlebAMRnet	A unique
ST1801	5	3	KlebAMRnet	A unique
ST1808	1	1	KlebAMRnet	A unique
ST1809	1	1	KlebAMRnet	A unique
ST1817	1	1	KlebAMRnet	A unique
ST1823	4	2	KlebAMRnet	A unique
ST1824	5	4	KlebAMRnet	A unique
ST1825	6	2	KlebAMRnet	A unique
ST1828	1	1	KlebAMRnet	A unique
ST1829	1	1	KlebAMRnet	A unique
ST1831	1	1	KlebAMRnet	A unique
ST1832-1LV	1	1	KlebAMRnet	A unique
ST1835	1	1	KlebAMRnet	A unique
ST1835-1LV	1	1	KlebAMRnet	A unique
ST1838	5	4	KlebAMRnet	A unique
ST1839	2	1	KlebAMRnet	A unique
ST184	3	2	KlebAMRnet	A unique
ST184-3LV	1	1	KlebAMRnet	A unique
ST1841	1	1	KlebAMRnet	A unique
ST1842	2	2	KlebAMRnet	A unique
ST1844	2	2	KlebAMRnet	A unique
ST186	6	4	KlebAMRnet	A unique
ST1862	2	1	KlebAMRnet	A unique
ST1864	1	1	KlebAMRnet	A unique
ST1865-1LV	1	1	KlebAMRnet	A unique
ST1867	3	2	KlebAMRnet	A unique
ST187-1LV	1	1	KlebAMRnet	A unique
ST1876	14	5	KlebAMRnet	A unique
ST1878	1	1	KlebAMRnet	A unique
ST188	9	4	KlebAMRnet	A unique
ST188-1LV	2	2	KlebAMRnet	A unique
ST1880	1	1	KlebAMRnet	A unique
ST1886	5	3	KlebAMRnet	A unique
ST189	10	4	KlebAMRnet	A unique
ST1890	1	1	KlebAMRnet	A unique
ST1897	2	2	KlebAMRnet	A unique
ST1897-2LV	1	1	KlebAMRnet	A unique
ST1898	1	1	KlebAMRnet	A unique
ST1902	2	1	KlebAMRnet	A unique
ST1905	1	1	KlebAMRnet	A unique
ST1916	6	3	KlebAMRnet	A unique
ST1917	2	2	KlebAMRnet	A unique
ST1919	2	2	KlebAMRnet	A unique
ST1922-1LV	1	1	KlebAMRnet	A unique
ST1922-3LV	1	1	KlebAMRnet	A unique
ST1923	1	1	KlebAMRnet	A unique
ST1926	1	1	KlebAMRnet	A unique
ST193-1LV	1	1	KlebAMRnet	A unique
ST1933	3	2	KlebAMRnet	A unique
ST1939	1	1	KlebAMRnet	A unique
ST1941	1	1	KlebAMRnet	A unique
ST1942	2	2	KlebAMRnet	A unique
ST1944	1	1	KlebAMRnet	A unique
ST1956-1LV	1	1	KlebAMRnet	A unique
ST1961	1	1	KlebAMRnet	A unique
ST1963	3	3	KlebAMRnet	A unique
ST1972	1	1	KlebAMRnet	A unique
ST1978	2	2	KlebAMRnet	A unique
ST198-1LV	1	1	KlebAMRnet	A unique
ST1985	1	1	KlebAMRnet	A unique
ST199	7	3	KlebAMRnet	A unique
ST1991-1LV	1	1	KlebAMRnet	A unique
ST1993	1	1	KlebAMRnet	A unique
ST1995	1	1	KlebAMRnet	A unique
ST1996	3	2	KlebAMRnet	A unique
ST20-1LV	3	2	KlebAMRnet	A unique
ST200-1LV	2	2	KlebAMRnet	A unique
ST2004-1LV	1	1	KlebAMRnet	A unique
ST2015-1LV	1	1	KlebAMRnet	A unique
ST2017	1	1	KlebAMRnet	A unique
ST2018	1	1	KlebAMRnet	A unique
ST202-1LV	1	1	KlebAMRnet	A unique
ST2026	1	1	KlebAMRnet	A unique
ST2028	3	3	KlebAMRnet	A unique
ST2031	1	1	KlebAMRnet	A unique
ST2042	2	2	KlebAMRnet	A unique
ST2043	1	1	KlebAMRnet	A unique
ST2053	3	3	KlebAMRnet	A unique
ST2054	7	4	KlebAMRnet	A unique
ST2054-1LV	2	2	KlebAMRnet	A unique
ST2060	1	1	KlebAMRnet	A unique
ST2071	1	1	KlebAMRnet	A unique
ST2072	2	2	KlebAMRnet	A unique
ST2074	2	1	KlebAMRnet	A unique
ST2082	1	1	KlebAMRnet	A unique
ST2084	1	1	KlebAMRnet	A unique
ST2086	3	2	KlebAMRnet	A unique
ST2095	2	2	KlebAMRnet	A unique
ST2096	14	4	KlebAMRnet	A unique
ST2097-1LV	1	1	KlebAMRnet	A unique
ST2098	1	1	KlebAMRnet	A unique
ST21-2LV	1	1	KlebAMRnet	A unique
ST2107	2	2	KlebAMRnet	A unique
ST2108	8	4	KlebAMRnet	A unique
ST2113	3	3	KlebAMRnet	A unique
ST2118	3	3	KlebAMRnet	A unique
ST212	1	1	KlebAMRnet	A unique
ST2120	1	1	KlebAMRnet	A unique
ST2121	2	2	KlebAMRnet	A unique
ST2123	3	3	KlebAMRnet	A unique
ST2127	1	1	KlebAMRnet	A unique
ST213	1	1	KlebAMRnet	A unique
ST2132-1LV	1	1	KlebAMRnet	A unique
ST2132-2LV	1	1	KlebAMRnet	A unique
ST2141	1	1	KlebAMRnet	A unique
ST2145	1	1	KlebAMRnet	A unique
ST2147	1	1	KlebAMRnet	A unique
ST215-1LV	1	1	KlebAMRnet	A unique
ST2153	1	1	KlebAMRnet	A unique
ST2154	2	2	KlebAMRnet	A unique
ST2155	1	1	KlebAMRnet	A unique
ST2158	4	3	KlebAMRnet	A unique
ST2159	5	4	KlebAMRnet	A unique
ST2164	1	1	KlebAMRnet	A unique
ST2167	4	4	KlebAMRnet	A unique
ST2171	1	1	KlebAMRnet	A unique
ST2176	4	2	KlebAMRnet	A unique
ST2177	1	1	KlebAMRnet	A unique
ST218-1LV	1	1	KlebAMRnet	A unique
ST218-2LV	1	1	KlebAMRnet	A unique
ST2185	2	1	KlebAMRnet	A unique
ST2187	2	2	KlebAMRnet	A unique
ST2188	1	1	KlebAMRnet	A unique
ST219-1LV	2	2	KlebAMRnet	A unique
ST2199	1	1	KlebAMRnet	A unique
ST220	9	5	KlebAMRnet	A unique
ST2201	2	2	KlebAMRnet	A unique
ST2202	3	3	KlebAMRnet	A unique
ST221-1LV	1	1	KlebAMRnet	A unique
ST2211	3	1	KlebAMRnet	A unique
ST2212	1	1	KlebAMRnet	A unique
ST2217	6	3	KlebAMRnet	A unique
ST2219	1	1	KlebAMRnet	A unique
ST2237	2	2	KlebAMRnet	A unique
ST2249	1	1	KlebAMRnet	A unique
ST2252	2	2	KlebAMRnet	A unique
ST2254	1	1	KlebAMRnet	A unique
ST2262	3	1	KlebAMRnet	A unique
ST2264	4	3	KlebAMRnet	A unique
ST2279	3	3	KlebAMRnet	A unique
ST228	1	1	KlebAMRnet	A unique
ST2280	1	1	KlebAMRnet	A unique
ST2280-1LV	1	1	KlebAMRnet	A unique
ST2286	5	3	KlebAMRnet	A unique
ST2290	2	2	KlebAMRnet	A unique
ST2292	1	1	KlebAMRnet	A unique
ST2299	1	1	KlebAMRnet	A unique
ST23-1LV	4	2	KlebAMRnet	A unique
ST231-1LV	6	3	KlebAMRnet	A unique
ST2310	1	1	KlebAMRnet	A unique
ST2311	1	1	KlebAMRnet	A unique
ST2313-2LV	1	1	KlebAMRnet	A unique
ST232	1	1	KlebAMRnet	A unique
ST2324	1	1	KlebAMRnet	A unique
ST2326	1	1	KlebAMRnet	A unique
ST2330	1	1	KlebAMRnet	A unique
ST2333	1	1	KlebAMRnet	A unique
ST234-1LV	2	2	KlebAMRnet	A unique
ST2344	1	1	KlebAMRnet	A unique
ST2349	1	1	KlebAMRnet	A unique
ST235	1	1	KlebAMRnet	A unique
ST2353	2	2	KlebAMRnet	A unique
ST2358	1	1	KlebAMRnet	A unique
ST2358-2LV	1	1	KlebAMRnet	A unique
ST2359	1	1	KlebAMRnet	A unique
ST236	1	1	KlebAMRnet	A unique
ST2364	1	1	KlebAMRnet	A unique
ST2365	1	1	KlebAMRnet	A unique
ST2367	1	1	KlebAMRnet	A unique
ST2375-1LV	1	1	KlebAMRnet	A unique
ST2382	1	1	KlebAMRnet	A unique
ST2384	2	2	KlebAMRnet	A unique
ST239	1	1	KlebAMRnet	A unique
ST2390	1	1	KlebAMRnet	A unique
ST2398	1	1	KlebAMRnet	A unique
ST240-1LV	2	2	KlebAMRnet	A unique
ST2408	1	1	KlebAMRnet	A unique
ST241	1	1	KlebAMRnet	A unique
ST241-3LV	1	1	KlebAMRnet	A unique
ST2410	1	1	KlebAMRnet	A unique
ST2414	1	1	KlebAMRnet	A unique
ST242-1LV	1	1	KlebAMRnet	A unique
ST2423	1	1	KlebAMRnet	A unique
ST2423-2LV	1	1	KlebAMRnet	A unique
ST2424	1	1	KlebAMRnet	A unique
ST2425	1	1	KlebAMRnet	A unique
ST243	1	1	KlebAMRnet	A unique
ST2433	1	1	KlebAMRnet	A unique
ST2434	1	1	KlebAMRnet	A unique
ST2436	1	1	KlebAMRnet	A unique
ST2439-1LV	1	1	KlebAMRnet	A unique
ST244	6	3	KlebAMRnet	A unique
ST2441-1LV	1	1	KlebAMRnet	A unique
ST2442	4	3	KlebAMRnet	A unique
ST2446	1	1	KlebAMRnet	A unique
ST2447	4	2	KlebAMRnet	A unique
ST2449-1LV	1	1	KlebAMRnet	A unique
ST245	1	1	KlebAMRnet	A unique
ST2451	5	2	KlebAMRnet	A unique
ST2452	1	1	KlebAMRnet	A unique
ST2453	2	2	KlebAMRnet	A unique
ST2457	4	2	KlebAMRnet	A unique
ST2457-1LV	1	1	KlebAMRnet	A unique
ST2458	1	1	KlebAMRnet	A unique
ST2461	1	1	KlebAMRnet	A unique
ST2467	2	2	KlebAMRnet	A unique
ST2471	1	1	KlebAMRnet	A unique
ST2473	1	1	KlebAMRnet	A unique
ST2474	1	1	KlebAMRnet	A unique
ST248	2	2	KlebAMRnet	A unique
ST2480	1	1	KlebAMRnet	A unique
ST2481	1	1	KlebAMRnet	A unique
ST2482	1	1	KlebAMRnet	A unique
ST2484	1	1	KlebAMRnet	A unique
ST2485	2	2	KlebAMRnet	A unique
ST2487	1	1	KlebAMRnet	A unique
ST249	3	2	KlebAMRnet	A unique
ST2492	2	2	KlebAMRnet	A unique
ST2494	2	1	KlebAMRnet	A unique
ST2496	1	1	KlebAMRnet	A unique
ST2497	5	4	KlebAMRnet	A unique
ST2498	1	1	KlebAMRnet	A unique
ST2499	1	1	KlebAMRnet	A unique
ST25-1LV	4	2	KlebAMRnet	A unique
ST2500	1	1	KlebAMRnet	A unique
ST2501	1	1	KlebAMRnet	A unique
ST2502	5	1	KlebAMRnet	A unique
ST2504	4	4	KlebAMRnet	A unique
ST2505	2	1	KlebAMRnet	A unique
ST2506	1	1	KlebAMRnet	A unique
ST251	4	3	KlebAMRnet	A unique
ST2510	1	1	KlebAMRnet	A unique
ST252-1LV	1	1	KlebAMRnet	A unique
ST252-3LV	1	1	KlebAMRnet	A unique
ST2524	1	1	KlebAMRnet	A unique
ST2525	2	2	KlebAMRnet	A unique
ST253-1LV	2	2	KlebAMRnet	A unique
ST2534	2	1	KlebAMRnet	A unique
ST2543	2	2	KlebAMRnet	A unique
ST2543-1LV	1	1	KlebAMRnet	A unique
ST2554	1	1	KlebAMRnet	A unique
ST2555	3	3	KlebAMRnet	A unique
ST2556	1	1	KlebAMRnet	A unique
ST2557	3	3	KlebAMRnet	A unique
ST2570	5	3	KlebAMRnet	A unique
ST258-1LV	1	1	KlebAMRnet	A unique
ST258-2LV	2	2	KlebAMRnet	A unique
ST2581	1	1	KlebAMRnet	A unique
ST2581-1LV	1	1	KlebAMRnet	A unique
ST2585	1	1	KlebAMRnet	A unique
ST2595	1	1	KlebAMRnet	A unique
ST2596	1	1	KlebAMRnet	A unique
ST2598	1	1	KlebAMRnet	A unique
ST2599	7	4	KlebAMRnet	A unique
ST26	7	4	KlebAMRnet	A unique
ST26-1LV	3	2	KlebAMRnet	A unique
ST260	3	2	KlebAMRnet	A unique
ST2601	2	2	KlebAMRnet	A unique
ST2602	1	1	KlebAMRnet	A unique
ST2603	3	2	KlebAMRnet	A unique
ST2612	1	1	KlebAMRnet	A unique
ST2613	1	1	KlebAMRnet	A unique
ST2614	1	1	KlebAMRnet	A unique
ST2615	1	1	KlebAMRnet	A unique
ST2616	1	1	KlebAMRnet	A unique
ST2617	1	1	KlebAMRnet	A unique
ST2623	3	3	KlebAMRnet	A unique
ST2633	1	1	KlebAMRnet	A unique
ST2640	1	1	KlebAMRnet	A unique
ST2643	2	1	KlebAMRnet	A unique
ST2648	3	3	KlebAMRnet	A unique
ST2648-1LV	1	1	KlebAMRnet	A unique
ST2651	1	1	KlebAMRnet	A unique
ST2652	1	1	KlebAMRnet	A unique
ST2654	2	1	KlebAMRnet	A unique
ST2655	3	2	KlebAMRnet	A unique
ST2661	1	1	KlebAMRnet	A unique
ST2662	2	2	KlebAMRnet	A unique
ST2667	1	1	KlebAMRnet	A unique
ST2668	3	2	KlebAMRnet	A unique
ST2669	1	1	KlebAMRnet	A unique
ST2670	3	3	KlebAMRnet	A unique
ST268-2LV	2	2	KlebAMRnet	A unique
ST2683	1	1	KlebAMRnet	A unique
ST2690	1	1	KlebAMRnet	A unique
ST2691	2	2	KlebAMRnet	A unique
ST2692	1	1	KlebAMRnet	A unique
ST2693	1	1	KlebAMRnet	A unique
ST2694	1	1	KlebAMRnet	A unique
ST2695	3	2	KlebAMRnet	A unique
ST2701	3	3	KlebAMRnet	A unique
ST2702	2	1	KlebAMRnet	A unique
ST2706	2	1	KlebAMRnet	A unique
ST2709	1	1	KlebAMRnet	A unique
ST2710	1	1	KlebAMRnet	A unique
ST2711	1	1	KlebAMRnet	A unique
ST2713	1	1	KlebAMRnet	A unique
ST2714	1	1	KlebAMRnet	A unique
ST2718	1	1	KlebAMRnet	A unique
ST2719	1	1	KlebAMRnet	A unique
ST2724	1	1	KlebAMRnet	A unique
ST2729	1	1	KlebAMRnet	A unique
ST2731	2	2	KlebAMRnet	A unique
ST2735	2	1	KlebAMRnet	A unique
ST274	3	1	KlebAMRnet	A unique
ST276-1LV	1	1	KlebAMRnet	A unique
ST2760	1	1	KlebAMRnet	A unique
ST2763	1	1	KlebAMRnet	A unique
ST2777	2	2	KlebAMRnet	A unique
ST278-2LV	1	1	KlebAMRnet	A unique
ST2785	1	1	KlebAMRnet	A unique
ST2785-2LV	1	1	KlebAMRnet	A unique
ST279	4	2	KlebAMRnet	A unique
ST2791	8	5	KlebAMRnet	A unique
ST2793	2	2	KlebAMRnet	A unique
ST2797	2	2	KlebAMRnet	A unique
ST2800-1LV	1	1	KlebAMRnet	A unique
ST2801	1	1	KlebAMRnet	A unique
ST2802	1	1	KlebAMRnet	A unique
ST2803	1	1	KlebAMRnet	A unique
ST2806	3	2	KlebAMRnet	A unique
ST2807	1	1	KlebAMRnet	A unique
ST2810	1	1	KlebAMRnet	A unique
ST2811	1	1	KlebAMRnet	A unique
ST2813	1	1	KlebAMRnet	A unique
ST2814	1	1	KlebAMRnet	A unique
ST2816	3	3	KlebAMRnet	A unique
ST2817	1	1	KlebAMRnet	A unique
ST2833	1	1	KlebAMRnet	A unique
ST2843	2	2	KlebAMRnet	A unique
ST2850-2LV	1	1	KlebAMRnet	A unique
ST2854	2	2	KlebAMRnet	A unique
ST2867	2	2	KlebAMRnet	A unique
ST2876-1LV	1	1	KlebAMRnet	A unique
ST289	2	1	KlebAMRnet	A unique
ST289-2LV	1	1	KlebAMRnet	A unique
ST2891	1	1	KlebAMRnet	A unique
ST29-2LV	1	1	KlebAMRnet	A unique
ST290-1LV	2	2	KlebAMRnet	A unique
ST2900	3	2	KlebAMRnet	A unique
ST2935	2	2	KlebAMRnet	A unique
ST2938	6	5	KlebAMRnet	A unique
ST294-1LV	1	1	KlebAMRnet	A unique
ST2940	1	1	KlebAMRnet	A unique
ST2943	4	3	KlebAMRnet	A unique
ST2945	1	1	KlebAMRnet	A unique
ST2946	1	1	KlebAMRnet	A unique
ST2947	1	1	KlebAMRnet	A unique
ST2948	2	2	KlebAMRnet	A unique
ST2949	1	1	KlebAMRnet	A unique
ST295	5	4	KlebAMRnet	A unique
ST295-1LV	1	1	KlebAMRnet	A unique
ST2952	1	1	KlebAMRnet	A unique
ST2954	1	1	KlebAMRnet	A unique
ST2970	1	1	KlebAMRnet	A unique
ST2974	3	1	KlebAMRnet	A unique
ST2975	4	2	KlebAMRnet	A unique
ST298	2	2	KlebAMRnet	A unique
ST2982	3	2	KlebAMRnet	A unique
ST2983	1	1	KlebAMRnet	A unique
ST3	4	4	KlebAMRnet	A unique
ST30-1LV	1	1	KlebAMRnet	A unique
ST300	3	3	KlebAMRnet	A unique
ST3003	2	1	KlebAMRnet	A unique
ST3005	1	1	KlebAMRnet	A unique
ST3008	2	1	KlebAMRnet	A unique
ST301-1LV	1	1	KlebAMRnet	A unique
ST3010	1	1	KlebAMRnet	A unique
ST3012	1	1	KlebAMRnet	A unique
ST3014	1	1	KlebAMRnet	A unique
ST3017	1	1	KlebAMRnet	A unique
ST3018	1	1	KlebAMRnet	A unique
ST3020	2	1	KlebAMRnet	A unique
ST3020-1LV	1	1	KlebAMRnet	A unique
ST3022	1	1	KlebAMRnet	A unique
ST3025	1	1	KlebAMRnet	A unique
ST3027	1	1	KlebAMRnet	A unique
ST3030	3	2	KlebAMRnet	A unique
ST3031	1	1	KlebAMRnet	A unique
ST305	1	1	KlebAMRnet	A unique
ST306	2	1	KlebAMRnet	A unique
ST3067-1LV	1	1	KlebAMRnet	A unique
ST307-2LV	1	1	KlebAMRnet	A unique
ST307-3LV	1	1	KlebAMRnet	A unique
ST308	1	1	KlebAMRnet	A unique
ST309-1LV	1	1	KlebAMRnet	A unique
ST3100	1	1	KlebAMRnet	A unique
ST3102	1	1	KlebAMRnet	A unique
ST3106	3	2	KlebAMRnet	A unique
ST3108	1	1	KlebAMRnet	A unique
ST3109	2	2	KlebAMRnet	A unique
ST3111	1	1	KlebAMRnet	A unique
ST3113	7	4	KlebAMRnet	A unique
ST3116	1	1	KlebAMRnet	A unique
ST3118	1	1	KlebAMRnet	A unique
ST3123	1	1	KlebAMRnet	A unique
ST3124	1	1	KlebAMRnet	A unique
ST3127	1	1	KlebAMRnet	A unique
ST3130	1	1	KlebAMRnet	A unique
ST3136	1	1	KlebAMRnet	A unique
ST3153	3	3	KlebAMRnet	A unique
ST3154	1	1	KlebAMRnet	A unique
ST3157	8	3	KlebAMRnet	A unique
ST3159	1	1	KlebAMRnet	A unique
ST3160	1	1	KlebAMRnet	A unique
ST3166	1	1	KlebAMRnet	A unique
ST3167	2	2	KlebAMRnet	A unique
ST317	3	2	KlebAMRnet	A unique
ST317-1LV	1	1	KlebAMRnet	A unique
ST3175	1	1	KlebAMRnet	A unique
ST3177-1LV	2	2	KlebAMRnet	A unique
ST3179	1	1	KlebAMRnet	A unique
ST3181	2	1	KlebAMRnet	A unique
ST3182	1	1	KlebAMRnet	A unique
ST3183	1	1	KlebAMRnet	A unique
ST3186	1	1	KlebAMRnet	A unique
ST3191	4	2	KlebAMRnet	A unique
ST3191-2LV	2	2	KlebAMRnet	A unique
ST3194	1	1	KlebAMRnet	A unique
ST320	3	2	KlebAMRnet	A unique
ST3213	1	1	KlebAMRnet	A unique
ST322-1LV	1	1	KlebAMRnet	A unique
ST3228	3	2	KlebAMRnet	A unique
ST3228-1LV	1	1	KlebAMRnet	A unique
ST3230	1	1	KlebAMRnet	A unique
ST3249	1	1	KlebAMRnet	A unique
ST3250	1	1	KlebAMRnet	A unique
ST3251	3	2	KlebAMRnet	A unique
ST3252	1	1	KlebAMRnet	A unique
ST3253	1	1	KlebAMRnet	A unique
ST3254	3	2	KlebAMRnet	A unique
ST3254-1LV	1	1	KlebAMRnet	A unique
ST3254-3LV	1	1	KlebAMRnet	A unique
ST3258	1	1	KlebAMRnet	A unique
ST326	1	1	KlebAMRnet	A unique
ST326-1LV	1	1	KlebAMRnet	A unique
ST3260	1	1	KlebAMRnet	A unique
ST3261	1	1	KlebAMRnet	A unique
ST3262	1	1	KlebAMRnet	A unique
ST3267	1	1	KlebAMRnet	A unique
ST3268	1	1	KlebAMRnet	A unique
ST3271	1	1	KlebAMRnet	A unique
ST3273	1	1	KlebAMRnet	A unique
ST3275	1	1	KlebAMRnet	A unique
ST3277	2	2	KlebAMRnet	A unique
ST3280	1	1	KlebAMRnet	A unique
ST3281	1	1	KlebAMRnet	A unique
ST3282	1	1	KlebAMRnet	A unique
ST3283	1	1	KlebAMRnet	A unique
ST3286	1	1	KlebAMRnet	A unique
ST3286-1LV	1	1	KlebAMRnet	A unique
ST3287	1	1	KlebAMRnet	A unique
ST3290	1	1	KlebAMRnet	A unique
ST3293	2	2	KlebAMRnet	A unique
ST3294	1	1	KlebAMRnet	A unique
ST3295	1	1	KlebAMRnet	A unique
ST3297	1	1	KlebAMRnet	A unique
ST3299	2	2	KlebAMRnet	A unique
ST3310	1	1	KlebAMRnet	A unique
ST3311	2	2	KlebAMRnet	A unique
ST3311-1LV	1	1	KlebAMRnet	A unique
ST3321	5	4	KlebAMRnet	A unique
ST3327	1	1	KlebAMRnet	A unique
ST3331	1	1	KlebAMRnet	A unique
ST3334	1	1	KlebAMRnet	A unique
ST3335	1	1	KlebAMRnet	A unique
ST3337	1	1	KlebAMRnet	A unique
ST3338	1	1	KlebAMRnet	A unique
ST3339	1	1	KlebAMRnet	A unique
ST3340	2	2	KlebAMRnet	A unique
ST3341	1	1	KlebAMRnet	A unique
ST3343	2	2	KlebAMRnet	A unique
ST3352	1	1	KlebAMRnet	A unique
ST3355	1	1	KlebAMRnet	A unique
ST3359	1	1	KlebAMRnet	A unique
ST3360	1	1	KlebAMRnet	A unique
ST3362	1	1	KlebAMRnet	A unique
ST3367	2	1	KlebAMRnet	A unique
ST3368-2LV	1	1	KlebAMRnet	A unique
ST3369	4	3	KlebAMRnet	A unique
ST3370	3	1	KlebAMRnet	A unique
ST3379	2	2	KlebAMRnet	A unique
ST3380	1	1	KlebAMRnet	A unique
ST3390	1	1	KlebAMRnet	A unique
ST3392	3	3	KlebAMRnet	A unique
ST3393	3	2	KlebAMRnet	A unique
ST3395	2	2	KlebAMRnet	A unique
ST3397	1	1	KlebAMRnet	A unique
ST34-1LV	7	4	KlebAMRnet	A unique
ST34-2LV	1	1	KlebAMRnet	A unique
ST340-1LV	1	1	KlebAMRnet	A unique
ST340-2LV	1	1	KlebAMRnet	A unique
ST3400	1	1	KlebAMRnet	A unique
ST3402	1	1	KlebAMRnet	A unique
ST3403	3	3	KlebAMRnet	A unique
ST3404	1	1	KlebAMRnet	A unique
ST3405	1	1	KlebAMRnet	A unique
ST3409	1	1	KlebAMRnet	A unique
ST3410	2	1	KlebAMRnet	A unique
ST3415	1	1	KlebAMRnet	A unique
ST3419	2	1	KlebAMRnet	A unique
ST342	5	4	KlebAMRnet	A unique
ST343	3	2	KlebAMRnet	A unique
ST3433	1	1	KlebAMRnet	A unique
ST3434	1	1	KlebAMRnet	A unique
ST3435	3	2	KlebAMRnet	A unique
ST3437	1	1	KlebAMRnet	A unique
ST3438	1	1	KlebAMRnet	A unique
ST3446-1LV	1	1	KlebAMRnet	A unique
ST3459	1	1	KlebAMRnet	A unique
ST346	2	1	KlebAMRnet	A unique
ST3476	1	1	KlebAMRnet	A unique
ST3480-4LV	1	1	KlebAMRnet	A unique
ST3498	1	1	KlebAMRnet	A unique
ST3499	1	1	KlebAMRnet	A unique
ST35-1LV	5	3	KlebAMRnet	A unique
ST35-2LV	1	1	KlebAMRnet	A unique
ST35-4LV	1	1	KlebAMRnet	A unique
ST3500	1	1	KlebAMRnet	A unique
ST3513	1	1	KlebAMRnet	A unique
ST3515	1	1	KlebAMRnet	A unique
ST3519	1	1	KlebAMRnet	A unique
ST3521	2	2	KlebAMRnet	A unique
ST353-2LV	1	1	KlebAMRnet	A unique
ST3541	1	1	KlebAMRnet	A unique
ST3542	1	1	KlebAMRnet	A unique
ST3546	1	1	KlebAMRnet	A unique
ST3553-1LV	1	1	KlebAMRnet	A unique
ST3559	1	1	KlebAMRnet	A unique
ST3574	2	2	KlebAMRnet	A unique
ST3575	1	1	KlebAMRnet	A unique
ST3576	1	1	KlebAMRnet	A unique
ST3578	1	1	KlebAMRnet	A unique
ST3581	1	1	KlebAMRnet	A unique
ST3584	1	1	KlebAMRnet	A unique
ST3585	1	1	KlebAMRnet	A unique
ST3587	1	1	KlebAMRnet	A unique
ST3588	1	1	KlebAMRnet	A unique
ST3591	1	1	KlebAMRnet	A unique
ST3592	1	1	KlebAMRnet	A unique
ST3593	1	1	KlebAMRnet	A unique
ST3596	1	1	KlebAMRnet	A unique
ST3597	2	1	KlebAMRnet	A unique
ST36-1LV	2	2	KlebAMRnet	A unique
ST36-2LV	1	1	KlebAMRnet	A unique
ST3600	2	2	KlebAMRnet	A unique
ST3601	1	1	KlebAMRnet	A unique
ST3602	1	1	KlebAMRnet	A unique
ST3603	1	1	KlebAMRnet	A unique
ST3609	1	1	KlebAMRnet	A unique
ST3612	1	1	KlebAMRnet	A unique
ST3613	1	1	KlebAMRnet	A unique
ST3614	2	2	KlebAMRnet	A unique
ST3618	1	1	KlebAMRnet	A unique
ST3624	1	1	KlebAMRnet	A unique
ST3625	2	2	KlebAMRnet	A unique
ST3626	1	1	KlebAMRnet	A unique
ST3627	4	3	KlebAMRnet	A unique
ST3631	1	1	KlebAMRnet	A unique
ST3634	1	1	KlebAMRnet	A unique
ST3635	2	2	KlebAMRnet	A unique
ST3636	1	1	KlebAMRnet	A unique
ST3637	3	3	KlebAMRnet	A unique
ST3638	1	1	KlebAMRnet	A unique
ST364	2	2	KlebAMRnet	A unique
ST3640	5	3	KlebAMRnet	A unique
ST3641	1	1	KlebAMRnet	A unique
ST3642	3	3	KlebAMRnet	A unique
ST3643	1	1	KlebAMRnet	A unique
ST3644	1	1	KlebAMRnet	A unique
ST3645	1	1	KlebAMRnet	A unique
ST3646	1	1	KlebAMRnet	A unique
ST3647	2	1	KlebAMRnet	A unique
ST3648	1	1	KlebAMRnet	A unique
ST3650	2	1	KlebAMRnet	A unique
ST3651	1	1	KlebAMRnet	A unique
ST3652	1	1	KlebAMRnet	A unique
ST3653	1	1	KlebAMRnet	A unique
ST3654	1	1	KlebAMRnet	A unique
ST3657	1	1	KlebAMRnet	A unique
ST3658	3	2	KlebAMRnet	A unique
ST3659-1LV	1	1	KlebAMRnet	A unique
ST3661	4	2	KlebAMRnet	A unique
ST3662	1	1	KlebAMRnet	A unique
ST3663-1LV	1	1	KlebAMRnet	A unique
ST3664	3	2	KlebAMRnet	A unique
ST3665	1	1	KlebAMRnet	A unique
ST3666	1	1	KlebAMRnet	A unique
ST3667	1	1	KlebAMRnet	A unique
ST3668	1	1	KlebAMRnet	A unique
ST3669	2	1	KlebAMRnet	A unique
ST3670	1	1	KlebAMRnet	A unique
ST3671	1	1	KlebAMRnet	A unique
ST3673	1	1	KlebAMRnet	A unique
ST3674	1	1	KlebAMRnet	A unique
ST3675	3	2	KlebAMRnet	A unique
ST3676	1	1	KlebAMRnet	A unique
ST3677	1	1	KlebAMRnet	A unique
ST3678	1	1	KlebAMRnet	A unique
ST3679	1	1	KlebAMRnet	A unique
ST3680	2	1	KlebAMRnet	A unique
ST3682	2	1	KlebAMRnet	A unique
ST3683	1	1	KlebAMRnet	A unique
ST3687	1	1	KlebAMRnet	A unique
ST3688	2	2	KlebAMRnet	A unique
ST3689	1	1	KlebAMRnet	A unique
ST3689-1LV	1	1	KlebAMRnet	A unique
ST3690	1	1	KlebAMRnet	A unique
ST3691	2	2	KlebAMRnet	A unique
ST3697	1	1	KlebAMRnet	A unique
ST3698	1	1	KlebAMRnet	A unique
ST37-1LV	7	4	KlebAMRnet	A unique
ST37-2LV	1	1	KlebAMRnet	A unique
ST3700	1	1	KlebAMRnet	A unique
ST3702	3	1	KlebAMRnet	A unique
ST3703	1	1	KlebAMRnet	A unique
ST3704	1	1	KlebAMRnet	A unique
ST3705	3	3	KlebAMRnet	A unique
ST3708	1	1	KlebAMRnet	A unique
ST3709	1	1	KlebAMRnet	A unique
ST3712	2	2	KlebAMRnet	A unique
ST3713	1	1	KlebAMRnet	A unique
ST3715	1	1	KlebAMRnet	A unique
ST3727	1	1	KlebAMRnet	A unique
ST373	2	2	KlebAMRnet	A unique
ST3731-1LV	1	1	KlebAMRnet	A unique
ST3737	1	1	KlebAMRnet	A unique
ST374	2	1	KlebAMRnet	A unique
ST375	10	4	KlebAMRnet	A unique
ST3753	1	1	KlebAMRnet	A unique
ST376	5	4	KlebAMRnet	A unique
ST378	9	4	KlebAMRnet	A unique
ST3787	4	3	KlebAMRnet	A unique
ST379	1	1	KlebAMRnet	A unique
ST3795	1	1	KlebAMRnet	A unique
ST38-1LV	1	1	KlebAMRnet	A unique
ST3801	2	2	KlebAMRnet	A unique
ST3805	1	1	KlebAMRnet	A unique
ST3806	2	1	KlebAMRnet	A unique
ST3807	2	2	KlebAMRnet	A unique
ST3809	1	1	KlebAMRnet	A unique
ST381	1	1	KlebAMRnet	A unique
ST3810	1	1	KlebAMRnet	A unique
ST3811	2	2	KlebAMRnet	A unique
ST3811-1LV	1	1	KlebAMRnet	A unique
ST3812	3	2	KlebAMRnet	A unique
ST3817	1	1	KlebAMRnet	A unique
ST382	1	1	KlebAMRnet	A unique
ST3822	3	3	KlebAMRnet	A unique
ST3829	2	1	KlebAMRnet	A unique
ST383	18	5	KlebAMRnet	A unique
ST383-1LV	2	2	KlebAMRnet	A unique
ST3831	1	1	KlebAMRnet	A unique
ST3831-1LV	1	1	KlebAMRnet	A unique
ST3833	1	1	KlebAMRnet	A unique
ST3834	1	1	KlebAMRnet	A unique
ST3838	1	1	KlebAMRnet	A unique
ST3839	1	1	KlebAMRnet	A unique
ST3842	1	1	KlebAMRnet	A unique
ST3846	1	1	KlebAMRnet	A unique
ST3848	1	1	KlebAMRnet	A unique
ST3850	1	1	KlebAMRnet	A unique
ST39-1LV	5	3	KlebAMRnet	A unique
ST392-1LV	4	4	KlebAMRnet	A unique
ST393	1	1	KlebAMRnet	A unique
ST395-1LV	4	3	KlebAMRnet	A unique
ST399	6	4	KlebAMRnet	A unique
ST4006	1	1	KlebAMRnet	A unique
ST401	2	1	KlebAMRnet	A unique
ST4019	1	1	KlebAMRnet	A unique
ST4023	2	2	KlebAMRnet	A unique
ST4024	1	1	KlebAMRnet	A unique
ST4029	1	1	KlebAMRnet	A unique
ST403	8	4	KlebAMRnet	A unique
ST4030	1	1	KlebAMRnet	A unique
ST4039	2	2	KlebAMRnet	A unique
ST404	2	2	KlebAMRnet	A unique
ST4041	2	2	KlebAMRnet	A unique
ST4042	1	1	KlebAMRnet	A unique
ST405-1LV	2	2	KlebAMRnet	A unique
ST405-2LV	1	1	KlebAMRnet	A unique
ST4060	2	2	KlebAMRnet	A unique
ST4063	1	1	KlebAMRnet	A unique
ST4064	1	1	KlebAMRnet	A unique
ST4065	3	1	KlebAMRnet	A unique
ST4066	1	1	KlebAMRnet	A unique
ST4067	1	1	KlebAMRnet	A unique
ST4068	1	1	KlebAMRnet	A unique
ST4069	2	1	KlebAMRnet	A unique
ST4070	1	1	KlebAMRnet	A unique
ST4073	3	3	KlebAMRnet	A unique
ST4075	2	2	KlebAMRnet	A unique
ST408	3	1	KlebAMRnet	A unique
ST4081	4	2	KlebAMRnet	A unique
ST4085	1	1	KlebAMRnet	A unique
ST4086	1	1	KlebAMRnet	A unique
ST4087-1LV	1	1	KlebAMRnet	A unique
ST409	2	2	KlebAMRnet	A unique
ST4090	1	1	KlebAMRnet	A unique
ST4092	1	1	KlebAMRnet	A unique
ST4097	2	2	KlebAMRnet	A unique
ST4098	1	1	KlebAMRnet	A unique
ST4099	1	1	KlebAMRnet	A unique
ST410	2	1	KlebAMRnet	A unique
ST4102	2	1	KlebAMRnet	A unique
ST4105	2	1	KlebAMRnet	A unique
ST4106	2	1	KlebAMRnet	A unique
ST4107	1	1	KlebAMRnet	A unique
ST411	2	2	KlebAMRnet	A unique
ST4113	3	2	KlebAMRnet	A unique
ST412-1LV	1	1	KlebAMRnet	A unique
ST4121	1	1	KlebAMRnet	A unique
ST4122	1	1	KlebAMRnet	A unique
ST4123	2	1	KlebAMRnet	A unique
ST417	1	1	KlebAMRnet	A unique
ST418	1	1	KlebAMRnet	A unique
ST42-1LV	2	2	KlebAMRnet	A unique
ST422	2	1	KlebAMRnet	A unique
ST4227	1	1	KlebAMRnet	A unique
ST4228	2	2	KlebAMRnet	A unique
ST4229	1	1	KlebAMRnet	A unique
ST4230	1	1	KlebAMRnet	A unique
ST4231	1	1	KlebAMRnet	A unique
ST4232	1	1	KlebAMRnet	A unique
ST4232-1LV	1	1	KlebAMRnet	A unique
ST4233	1	1	KlebAMRnet	A unique
ST4234	1	1	KlebAMRnet	A unique
ST4235	1	1	KlebAMRnet	A unique
ST4236	1	1	KlebAMRnet	A unique
ST4237	1	1	KlebAMRnet	A unique
ST4238	2	2	KlebAMRnet	A unique
ST4239	2	2	KlebAMRnet	A unique
ST4240	1	1	KlebAMRnet	A unique
ST4241	1	1	KlebAMRnet	A unique
ST4242	2	1	KlebAMRnet	A unique
ST4243	1	1	KlebAMRnet	A unique
ST4244	1	1	KlebAMRnet	A unique
ST4245	1	1	KlebAMRnet	A unique
ST4246	1	1	KlebAMRnet	A unique
ST4247	2	2	KlebAMRnet	A unique
ST4248	2	1	KlebAMRnet	A unique
ST4249	1	1	KlebAMRnet	A unique
ST4250	1	1	KlebAMRnet	A unique
ST4251	1	1	KlebAMRnet	A unique
ST4252	1	1	KlebAMRnet	A unique
ST4254	1	1	KlebAMRnet	A unique
ST4255	1	1	KlebAMRnet	A unique
ST4256	1	1	KlebAMRnet	A unique
ST4257	1	1	KlebAMRnet	A unique
ST4258	1	1	KlebAMRnet	A unique
ST4259	1	1	KlebAMRnet	A unique
ST4260	1	1	KlebAMRnet	A unique
ST4261	1	1	KlebAMRnet	A unique
ST4263	2	2	KlebAMRnet	A unique
ST4264	1	1	KlebAMRnet	A unique
ST4265	1	1	KlebAMRnet	A unique
ST4266	2	1	KlebAMRnet	A unique
ST4268	1	1	KlebAMRnet	A unique
ST4269	1	1	KlebAMRnet	A unique
ST427	5	2	KlebAMRnet	A unique
ST4270	2	2	KlebAMRnet	A unique
ST4271	1	1	KlebAMRnet	A unique
ST4273	1	1	KlebAMRnet	A unique
ST4274	3	2	KlebAMRnet	A unique
ST4275	2	1	KlebAMRnet	A unique
ST4276	2	2	KlebAMRnet	A unique
ST4277	1	1	KlebAMRnet	A unique
ST4278	1	1	KlebAMRnet	A unique
ST4279	1	1	KlebAMRnet	A unique
ST4280	1	1	KlebAMRnet	A unique
ST4281	1	1	KlebAMRnet	A unique
ST4282	1	1	KlebAMRnet	A unique
ST4283	4	2	KlebAMRnet	A unique
ST4284	1	1	KlebAMRnet	A unique
ST4285	1	1	KlebAMRnet	A unique
ST4286	1	1	KlebAMRnet	A unique
ST4287	1	1	KlebAMRnet	A unique
ST4288	3	2	KlebAMRnet	A unique
ST4289	1	1	KlebAMRnet	A unique
ST4290	1	1	KlebAMRnet	A unique
ST4291	2	2	KlebAMRnet	A unique
ST4292	1	1	KlebAMRnet	A unique
ST4294	1	1	KlebAMRnet	A unique
ST4295	4	2	KlebAMRnet	A unique
ST4296	2	1	KlebAMRnet	A unique
ST4297	1	1	KlebAMRnet	A unique
ST4298	2	2	KlebAMRnet	A unique
ST4299	1	1	KlebAMRnet	A unique
ST4300	1	1	KlebAMRnet	A unique
ST4304	1	1	KlebAMRnet	A unique
ST4305	1	1	KlebAMRnet	A unique
ST4306	1	1	KlebAMRnet	A unique
ST4308	1	1	KlebAMRnet	A unique
ST4318	1	1	KlebAMRnet	A unique
ST432-1LV	2	2	KlebAMRnet	A unique
ST4320	1	1	KlebAMRnet	A unique
ST4321	1	1	KlebAMRnet	A unique
ST4322	2	1	KlebAMRnet	A unique
ST4323	1	1	KlebAMRnet	A unique
ST4327	3	2	KlebAMRnet	A unique
ST4328	1	1	KlebAMRnet	A unique
ST4329	1	1	KlebAMRnet	A unique
ST433-1LV	1	1	KlebAMRnet	A unique
ST4330	1	1	KlebAMRnet	A unique
ST4331	1	1	KlebAMRnet	A unique
ST4332	2	2	KlebAMRnet	A unique
ST4333	1	1	KlebAMRnet	A unique
ST4334	1	1	KlebAMRnet	A unique
ST4335	1	1	KlebAMRnet	A unique
ST4337	2	2	KlebAMRnet	A unique
ST4338	1	1	KlebAMRnet	A unique
ST4339	1	1	KlebAMRnet	A unique
ST4340	1	1	KlebAMRnet	A unique
ST4341	4	3	KlebAMRnet	A unique
ST4342	1	1	KlebAMRnet	A unique
ST4344	1	1	KlebAMRnet	A unique
ST435	1	1	KlebAMRnet	A unique
ST4353	1	1	KlebAMRnet	A unique
ST4354	1	1	KlebAMRnet	A unique
ST436	3	2	KlebAMRnet	A unique
ST437-1LV	2	2	KlebAMRnet	A unique
ST437-3LV	1	1	KlebAMRnet	A unique
ST4379	2	2	KlebAMRnet	A unique
ST4380	1	1	KlebAMRnet	A unique
ST4381	4	3	KlebAMRnet	A unique
ST4382	1	1	KlebAMRnet	A unique
ST4383	1	1	KlebAMRnet	A unique
ST4384	2	1	KlebAMRnet	A unique
ST4386	1	1	KlebAMRnet	A unique
ST4388	1	1	KlebAMRnet	A unique
ST4389	1	1	KlebAMRnet	A unique
ST4390	1	1	KlebAMRnet	A unique
ST4391	1	1	KlebAMRnet	A unique
ST4392	1	1	KlebAMRnet	A unique
ST4397	1	1	KlebAMRnet	A unique
ST4398	1	1	KlebAMRnet	A unique
ST4399	1	1	KlebAMRnet	A unique
ST44	3	2	KlebAMRnet	A unique
ST4415	1	1	KlebAMRnet	A unique
ST4420	1	1	KlebAMRnet	A unique
ST4421	1	1	KlebAMRnet	A unique
ST4422	1	1	KlebAMRnet	A unique
ST4423	3	1	KlebAMRnet	A unique
ST4427-1LV	1	1	KlebAMRnet	A unique
ST4429	1	1	KlebAMRnet	A unique
ST4435	2	1	KlebAMRnet	A unique
ST4436	1	1	KlebAMRnet	A unique
ST4442	1	1	KlebAMRnet	A unique
ST4458	1	1	KlebAMRnet	A unique
ST4459	3	2	KlebAMRnet	A unique
ST448	1	1	KlebAMRnet	A unique
ST4494	1	1	KlebAMRnet	A unique
ST4494-1LV	1	1	KlebAMRnet	A unique
ST45-2LV	2	2	KlebAMRnet	A unique
ST45-3LV	1	1	KlebAMRnet	A unique
ST4503	1	1	KlebAMRnet	A unique
ST4508	1	1	KlebAMRnet	A unique
ST4509	1	1	KlebAMRnet	A unique
ST4510	1	1	KlebAMRnet	A unique
ST4513	3	3	KlebAMRnet	A unique
ST4516	1	1	KlebAMRnet	A unique
ST4518	1	1	KlebAMRnet	A unique
ST4519	1	1	KlebAMRnet	A unique
ST4523	1	1	KlebAMRnet	A unique
ST4527	2	2	KlebAMRnet	A unique
ST453	3	1	KlebAMRnet	A unique
ST4547	1	1	KlebAMRnet	A unique
ST4548	1	1	KlebAMRnet	A unique
ST455	1	1	KlebAMRnet	A unique
ST4557-1LV	1	1	KlebAMRnet	A unique
ST4558	1	1	KlebAMRnet	A unique
ST4566	1	1	KlebAMRnet	A unique
ST4567	1	1	KlebAMRnet	A unique
ST4567-1LV	1	1	KlebAMRnet	A unique
ST4583	1	1	KlebAMRnet	A unique
ST4585	3	2	KlebAMRnet	A unique
ST460	1	1	KlebAMRnet	A unique
ST461-1LV	2	2	KlebAMRnet	A unique
ST461-3LV	1	1	KlebAMRnet	A unique
ST462	6	3	KlebAMRnet	A unique
ST4631	2	1	KlebAMRnet	A unique
ST4632	1	1	KlebAMRnet	A unique
ST4633	1	1	KlebAMRnet	A unique
ST4634	1	1	KlebAMRnet	A unique
ST4635	1	1	KlebAMRnet	A unique
ST4636	1	1	KlebAMRnet	A unique
ST4637	1	1	KlebAMRnet	A unique
ST4638	2	2	KlebAMRnet	A unique
ST4639	1	1	KlebAMRnet	A unique
ST464-2LV	1	1	KlebAMRnet	A unique
ST4640	1	1	KlebAMRnet	A unique
ST4641	1	1	KlebAMRnet	A unique
ST4643	1	1	KlebAMRnet	A unique
ST4644	1	1	KlebAMRnet	A unique
ST4645-1LV	1	1	KlebAMRnet	A unique
ST4646	1	1	KlebAMRnet	A unique
ST4648	1	1	KlebAMRnet	A unique
ST4649	1	1	KlebAMRnet	A unique
ST465	2	1	KlebAMRnet	A unique
ST4651	1	1	KlebAMRnet	A unique
ST4652	1	1	KlebAMRnet	A unique
ST4656	2	2	KlebAMRnet	A unique
ST4657	2	2	KlebAMRnet	A unique
ST4658	1	1	KlebAMRnet	A unique
ST4659	1	1	KlebAMRnet	A unique
ST466	6	4	KlebAMRnet	A unique
ST4660	1	1	KlebAMRnet	A unique
ST4661	1	1	KlebAMRnet	A unique
ST4664	1	1	KlebAMRnet	A unique
ST4668	1	1	KlebAMRnet	A unique
ST4675	1	1	KlebAMRnet	A unique
ST4676	1	1	KlebAMRnet	A unique
ST469-1LV	2	2	KlebAMRnet	A unique
ST4707	1	1	KlebAMRnet	A unique
ST4708	1	1	KlebAMRnet	A unique
ST4709	1	1	KlebAMRnet	A unique
ST471	7	3	KlebAMRnet	A unique
ST4710	1	1	KlebAMRnet	A unique
ST4710-1LV	1	1	KlebAMRnet	A unique
ST4711	1	1	KlebAMRnet	A unique
ST4712	1	1	KlebAMRnet	A unique
ST4714	1	1	KlebAMRnet	A unique
ST4715	2	2	KlebAMRnet	A unique
ST4715-1LV	1	1	KlebAMRnet	A unique
ST4716	1	1	KlebAMRnet	A unique
ST4717	1	1	KlebAMRnet	A unique
ST4718	1	1	KlebAMRnet	A unique
ST4719	1	1	KlebAMRnet	A unique
ST4720	1	1	KlebAMRnet	A unique
ST4722	1	1	KlebAMRnet	A unique
ST4723	1	1	KlebAMRnet	A unique
ST4724	1	1	KlebAMRnet	A unique
ST4726	1	1	KlebAMRnet	A unique
ST4728	1	1	KlebAMRnet	A unique
ST4730	1	1	KlebAMRnet	A unique
ST4731	2	1	KlebAMRnet	A unique
ST4731-1LV	1	1	KlebAMRnet	A unique
ST4733	3	2	KlebAMRnet	A unique
ST474	5	4	KlebAMRnet	A unique
ST4746	1	1	KlebAMRnet	A unique
ST4747	1	1	KlebAMRnet	A unique
ST4748	3	1	KlebAMRnet	A unique
ST478	6	5	KlebAMRnet	A unique
ST4783	1	1	KlebAMRnet	A unique
ST4783-1LV	1	1	KlebAMRnet	A unique
ST4784	2	1	KlebAMRnet	A unique
ST4785	1	1	KlebAMRnet	A unique
ST4786	1	1	KlebAMRnet	A unique
ST4787	1	1	KlebAMRnet	A unique
ST4788	1	1	KlebAMRnet	A unique
ST4789	1	1	KlebAMRnet	A unique
ST479	1	1	KlebAMRnet	A unique
ST4790	1	1	KlebAMRnet	A unique
ST4791	1	1	KlebAMRnet	A unique
ST4793	1	1	KlebAMRnet	A unique
ST4794	1	1	KlebAMRnet	A unique
ST4795	1	1	KlebAMRnet	A unique
ST4796	1	1	KlebAMRnet	A unique
ST4798	1	1	KlebAMRnet	A unique
ST48-1LV	3	3	KlebAMRnet	A unique
ST4800	1	1	KlebAMRnet	A unique
ST4802	1	1	KlebAMRnet	A unique
ST4803	1	1	KlebAMRnet	A unique
ST4804	1	1	KlebAMRnet	A unique
ST4805	2	2	KlebAMRnet	A unique
ST4806	1	1	KlebAMRnet	A unique
ST4807	1	1	KlebAMRnet	A unique
ST4808	1	1	KlebAMRnet	A unique
ST4810	1	1	KlebAMRnet	A unique
ST4814	1	1	KlebAMRnet	A unique
ST4815	2	2	KlebAMRnet	A unique
ST4816	1	1	KlebAMRnet	A unique
ST4824	1	1	KlebAMRnet	A unique
ST4828	1	1	KlebAMRnet	A unique
ST4829	1	1	KlebAMRnet	A unique
ST483	9	4	KlebAMRnet	A unique
ST483-2LV	1	1	KlebAMRnet	A unique
ST4833	2	2	KlebAMRnet	A unique
ST4837	1	1	KlebAMRnet	A unique
ST4838	1	1	KlebAMRnet	A unique
ST4839	2	2	KlebAMRnet	A unique
ST4839-1LV	1	1	KlebAMRnet	A unique
ST484	1	1	KlebAMRnet	A unique
ST484-3LV	1	1	KlebAMRnet	A unique
ST4840	1	1	KlebAMRnet	A unique
ST4841	1	1	KlebAMRnet	A unique
ST4843	3	2	KlebAMRnet	A unique
ST4843-1LV	1	1	KlebAMRnet	A unique
ST4845	1	1	KlebAMRnet	A unique
ST4847	1	1	KlebAMRnet	A unique
ST485-1LV	3	3	KlebAMRnet	A unique
ST4850	1	1	KlebAMRnet	A unique
ST4851	1	1	KlebAMRnet	A unique
ST4852	1	1	KlebAMRnet	A unique
ST4857	3	3	KlebAMRnet	A unique
ST4859	1	1	KlebAMRnet	A unique
ST4861	1	1	KlebAMRnet	A unique
ST4862	1	1	KlebAMRnet	A unique
ST4863	1	1	KlebAMRnet	A unique
ST4864	1	1	KlebAMRnet	A unique
ST4865	1	1	KlebAMRnet	A unique
ST4867	1	1	KlebAMRnet	A unique
ST4868	1	1	KlebAMRnet	A unique
ST4869	1	1	KlebAMRnet	A unique
ST487	4	3	KlebAMRnet	A unique
ST4873-1LV	1	1	KlebAMRnet	A unique
ST4881	2	2	KlebAMRnet	A unique
ST4885	1	1	KlebAMRnet	A unique
ST4886	1	1	KlebAMRnet	A unique
ST4888	1	1	KlebAMRnet	A unique
ST490-1LV	2	2	KlebAMRnet	A unique
ST4910	2	2	KlebAMRnet	A unique
ST492	4	3	KlebAMRnet	A unique
ST4925	1	1	KlebAMRnet	A unique
ST493	5	3	KlebAMRnet	A unique
ST4936	1	1	KlebAMRnet	A unique
ST494	1	1	KlebAMRnet	A unique
ST495	6	4	KlebAMRnet	A unique
ST4961	3	1	KlebAMRnet	A unique
ST497	2	2	KlebAMRnet	A unique
ST497-1LV	1	1	KlebAMRnet	A unique
ST4972	1	1	KlebAMRnet	A unique
ST4975	1	1	KlebAMRnet	A unique
ST4976	2	1	KlebAMRnet	A unique
ST4977	1	1	KlebAMRnet	A unique
ST4978	1	1	KlebAMRnet	A unique
ST4981	1	1	KlebAMRnet	A unique
ST4984	1	1	KlebAMRnet	A unique
ST4985	1	1	KlebAMRnet	A unique
ST4986	1	1	KlebAMRnet	A unique
ST4987	1	1	KlebAMRnet	A unique
ST499	2	2	KlebAMRnet	A unique
ST4991-1LV	1	1	KlebAMRnet	A unique
ST4994	1	1	KlebAMRnet	A unique
ST4995	1	1	KlebAMRnet	A unique
ST4996	1	1	KlebAMRnet	A unique
ST4998	2	2	KlebAMRnet	A unique
ST5000	1	1	KlebAMRnet	A unique
ST5001	1	1	KlebAMRnet	A unique
ST501	6	5	KlebAMRnet	A unique
ST5012	3	3	KlebAMRnet	A unique
ST5014	1	1	KlebAMRnet	A unique
ST5017	2	2	KlebAMRnet	A unique
ST502-1LV	3	2	KlebAMRnet	A unique
ST502-2LV	1	1	KlebAMRnet	A unique
ST5020	1	1	KlebAMRnet	A unique
ST5022	1	1	KlebAMRnet	A unique
ST5023	1	1	KlebAMRnet	A unique
ST5025	1	1	KlebAMRnet	A unique
ST5029	1	1	KlebAMRnet	A unique
ST503	2	1	KlebAMRnet	A unique
ST5033	1	1	KlebAMRnet	A unique
ST5034	1	1	KlebAMRnet	A unique
ST5035	1	1	KlebAMRnet	A unique
ST5036	1	1	KlebAMRnet	A unique
ST5037	1	1	KlebAMRnet	A unique
ST5038	1	1	KlebAMRnet	A unique
ST5039	1	1	KlebAMRnet	A unique
ST5042	1	1	KlebAMRnet	A unique
ST5043	1	1	KlebAMRnet	A unique
ST5047	1	1	KlebAMRnet	A unique
ST5049	1	1	KlebAMRnet	A unique
ST5050	1	1	KlebAMRnet	A unique
ST5051	1	1	KlebAMRnet	A unique
ST5056	1	1	KlebAMRnet	A unique
ST5064	2	2	KlebAMRnet	A unique
ST5066	1	1	KlebAMRnet	A unique
ST5067	1	1	KlebAMRnet	A unique
ST5069	1	1	KlebAMRnet	A unique
ST507	2	2	KlebAMRnet	A unique
ST5070	1	1	KlebAMRnet	A unique
ST5072	1	1	KlebAMRnet	A unique
ST5074	1	1	KlebAMRnet	A unique
ST5076	1	1	KlebAMRnet	A unique
ST5100-1LV	1	1	KlebAMRnet	A unique
ST5105-2LV	1	1	KlebAMRnet	A unique
ST512-1LV	4	2	KlebAMRnet	A unique
ST512-2LV	1	1	KlebAMRnet	A unique
ST513	3	1	KlebAMRnet	A unique
ST514-1LV	1	1	KlebAMRnet	A unique
ST5147-1LV	1	1	KlebAMRnet	A unique
ST515-1LV	2	1	KlebAMRnet	A unique
ST5159-1LV	1	1	KlebAMRnet	A unique
ST517	2	2	KlebAMRnet	A unique
ST5193	1	1	KlebAMRnet	A unique
ST5194-1LV	1	1	KlebAMRnet	A unique
ST5195	1	1	KlebAMRnet	A unique
ST5196	1	1	KlebAMRnet	A unique
ST5198	1	1	KlebAMRnet	A unique
ST5201	1	1	KlebAMRnet	A unique
ST5202	1	1	KlebAMRnet	A unique
ST5203	1	1	KlebAMRnet	A unique
ST5204	1	1	KlebAMRnet	A unique
ST5205	1	1	KlebAMRnet	A unique
ST5206	1	1	KlebAMRnet	A unique
ST5207	1	1	KlebAMRnet	A unique
ST5209	2	1	KlebAMRnet	A unique
ST521	2	2	KlebAMRnet	A unique
ST5215	2	2	KlebAMRnet	A unique
ST5217	1	1	KlebAMRnet	A unique
ST5218	2	2	KlebAMRnet	A unique
ST5235	1	1	KlebAMRnet	A unique
ST5239	1	1	KlebAMRnet	A unique
ST5240	1	1	KlebAMRnet	A unique
ST5241	1	1	KlebAMRnet	A unique
ST5242	1	1	KlebAMRnet	A unique
ST5243	1	1	KlebAMRnet	A unique
ST5244	1	1	KlebAMRnet	A unique
ST5245	1	1	KlebAMRnet	A unique
ST5246	1	1	KlebAMRnet	A unique
ST5247	1	1	KlebAMRnet	A unique
ST5248	1	1	KlebAMRnet	A unique
ST5253	1	1	KlebAMRnet	A unique
ST5254	1	1	KlebAMRnet	A unique
ST5259	1	1	KlebAMRnet	A unique
ST5269	1	1	KlebAMRnet	A unique
ST5270	1	1	KlebAMRnet	A unique
ST5293	1	1	KlebAMRnet	A unique
ST5295	3	2	KlebAMRnet	A unique
ST5295-1LV	1	1	KlebAMRnet	A unique
ST53-2LV	1	1	KlebAMRnet	A unique
ST5306	1	1	KlebAMRnet	A unique
ST5340	1	1	KlebAMRnet	A unique
ST5379	1	1	KlebAMRnet	A unique
ST5380	1	1	KlebAMRnet	A unique
ST5387	1	1	KlebAMRnet	A unique
ST54-1LV	1	1	KlebAMRnet	A unique
ST541-1LV	1	1	KlebAMRnet	A unique
ST5429	1	1	KlebAMRnet	A unique
ST5430	1	1	KlebAMRnet	A unique
ST5431	1	1	KlebAMRnet	A unique
ST5434	1	1	KlebAMRnet	A unique
ST5441	1	1	KlebAMRnet	A unique
ST5441-1LV	1	1	KlebAMRnet	A unique
ST5442	1	1	KlebAMRnet	A unique
ST5446	1	1	KlebAMRnet	A unique
ST5447	1	1	KlebAMRnet	A unique
ST5448	1	1	KlebAMRnet	A unique
ST5449	1	1	KlebAMRnet	A unique
ST5450	1	1	KlebAMRnet	A unique
ST5458	1	1	KlebAMRnet	A unique
ST5458-1LV	1	1	KlebAMRnet	A unique
ST5459	1	1	KlebAMRnet	A unique
ST5468	1	1	KlebAMRnet	A unique
ST5469	1	1	KlebAMRnet	A unique
ST5470	1	1	KlebAMRnet	A unique
ST5473	1	1	KlebAMRnet	A unique
ST5473-1LV	2	2	KlebAMRnet	A unique
ST5478	1	1	KlebAMRnet	A unique
ST5480	2	2	KlebAMRnet	A unique
ST5491	1	1	KlebAMRnet	A unique
ST5497	1	1	KlebAMRnet	A unique
ST55	4	2	KlebAMRnet	A unique
ST550	2	2	KlebAMRnet	A unique
ST5508	1	1	KlebAMRnet	A unique
ST551-1LV	3	3	KlebAMRnet	A unique
ST5518	1	1	KlebAMRnet	A unique
ST552	2	1	KlebAMRnet	A unique
ST5528	1	1	KlebAMRnet	A unique
ST5529	1	1	KlebAMRnet	A unique
ST553	1	1	KlebAMRnet	A unique
ST5552	1	1	KlebAMRnet	A unique
ST5554	1	1	KlebAMRnet	A unique
ST5554-1LV	1	1	KlebAMRnet	A unique
ST5559	1	1	KlebAMRnet	A unique
ST556-1LV	1	1	KlebAMRnet	A unique
ST557	7	4	KlebAMRnet	A unique
ST5573	2	2	KlebAMRnet	A unique
ST5574	1	1	KlebAMRnet	A unique
ST5575	1	1	KlebAMRnet	A unique
ST5576	1	1	KlebAMRnet	A unique
ST5577	1	1	KlebAMRnet	A unique
ST5578	2	2	KlebAMRnet	A unique
ST5579	1	1	KlebAMRnet	A unique
ST5583	3	3	KlebAMRnet	A unique
ST5583-1LV	1	1	KlebAMRnet	A unique
ST5588	1	1	KlebAMRnet	A unique
ST559	1	1	KlebAMRnet	A unique
ST56-2LV	1	1	KlebAMRnet	A unique
ST560-1LV	1	1	KlebAMRnet	A unique
ST5601	1	1	KlebAMRnet	A unique
ST5602	1	1	KlebAMRnet	A unique
ST5603	1	1	KlebAMRnet	A unique
ST5605	3	3	KlebAMRnet	A unique
ST5605-1LV	1	1	KlebAMRnet	A unique
ST5606	1	1	KlebAMRnet	A unique
ST5610	1	1	KlebAMRnet	A unique
ST5611	1	1	KlebAMRnet	A unique
ST5612	1	1	KlebAMRnet	A unique
ST5613	1	1	KlebAMRnet	A unique
ST562	1	1	KlebAMRnet	A unique
ST5620	1	1	KlebAMRnet	A unique
ST5625	1	1	KlebAMRnet	A unique
ST5640	1	1	KlebAMRnet	A unique
ST5643	1	1	KlebAMRnet	A unique
ST566	1	1	KlebAMRnet	A unique
ST567	5	3	KlebAMRnet	A unique
ST5676	1	1	KlebAMRnet	A unique
ST568	1	1	KlebAMRnet	A unique
ST5684	1	1	KlebAMRnet	A unique
ST569	1	1	KlebAMRnet	A unique
ST5691	1	1	KlebAMRnet	A unique
ST5691-3LV	1	1	KlebAMRnet	A unique
ST5696	1	1	KlebAMRnet	A unique
ST57	2	1	KlebAMRnet	A unique
ST570	3	2	KlebAMRnet	A unique
ST5707	1	1	KlebAMRnet	A unique
ST5709	1	1	KlebAMRnet	A unique
ST5722	1	1	KlebAMRnet	A unique
ST5725	1	1	KlebAMRnet	A unique
ST5729	1	1	KlebAMRnet	A unique
ST5730	1	1	KlebAMRnet	A unique
ST5733	1	1	KlebAMRnet	A unique
ST5734	1	1	KlebAMRnet	A unique
ST5738	1	1	KlebAMRnet	A unique
ST5742	1	1	KlebAMRnet	A unique
ST5750	1	1	KlebAMRnet	A unique
ST5753	1	1	KlebAMRnet	A unique
ST5754	1	1	KlebAMRnet	A unique
ST5755	2	2	KlebAMRnet	A unique
ST5756	1	1	KlebAMRnet	A unique
ST5758	1	1	KlebAMRnet	A unique
ST5759	1	1	KlebAMRnet	A unique
ST5762	1	1	KlebAMRnet	A unique
ST5769	1	1	KlebAMRnet	A unique
ST5786	1	1	KlebAMRnet	A unique
ST5788	1	1	KlebAMRnet	A unique
ST5788-1LV	1	1	KlebAMRnet	A unique
ST5799	2	2	KlebAMRnet	A unique
ST580	4	2	KlebAMRnet	A unique
ST5800	1	1	KlebAMRnet	A unique
ST5808	1	1	KlebAMRnet	A unique
ST5813	1	1	KlebAMRnet	A unique
ST5815	2	2	KlebAMRnet	A unique
ST5816	1	1	KlebAMRnet	A unique
ST5817	2	2	KlebAMRnet	A unique
ST5819	1	1	KlebAMRnet	A unique
ST5824	1	1	KlebAMRnet	A unique
ST5827	1	1	KlebAMRnet	A unique
ST5829	1	1	KlebAMRnet	A unique
ST5831	1	1	KlebAMRnet	A unique
ST5832	1	1	KlebAMRnet	A unique
ST5836	1	1	KlebAMRnet	A unique
ST5837	1	1	KlebAMRnet	A unique
ST5838	1	1	KlebAMRnet	A unique
ST5841	1	1	KlebAMRnet	A unique
ST5844	1	1	KlebAMRnet	A unique
ST5849	1	1	KlebAMRnet	A unique
ST5850	1	1	KlebAMRnet	A unique
ST5851	1	1	KlebAMRnet	A unique
ST5851-1LV	1	1	KlebAMRnet	A unique
ST5853	1	1	KlebAMRnet	A unique
ST5858	1	1	KlebAMRnet	A unique
ST5859	3	2	KlebAMRnet	A unique
ST5862	1	1	KlebAMRnet	A unique
ST5873	1	1	KlebAMRnet	A unique
ST588	2	1	KlebAMRnet	A unique
ST5886	2	2	KlebAMRnet	A unique
ST5890	1	1	KlebAMRnet	A unique
ST5891	1	1	KlebAMRnet	A unique
ST5892	1	1	KlebAMRnet	A unique
ST590	3	3	KlebAMRnet	A unique
ST5912	2	1	KlebAMRnet	A unique
ST5915-1LV	1	1	KlebAMRnet	A unique
ST592-1LV	2	1	KlebAMRnet	A unique
ST5924	1	1	KlebAMRnet	A unique
ST5947	1	1	KlebAMRnet	A unique
ST5982	1	1	KlebAMRnet	A unique
ST5987	1	1	KlebAMRnet	A unique
ST5992	2	1	KlebAMRnet	A unique
ST5994	1	1	KlebAMRnet	A unique
ST5996	1	1	KlebAMRnet	A unique
ST6-1LV	1	1	KlebAMRnet	A unique
ST6004	1	1	KlebAMRnet	A unique
ST6005	1	1	KlebAMRnet	A unique
ST6006	1	1	KlebAMRnet	A unique
ST6007	1	1	KlebAMRnet	A unique
ST6008	1	1	KlebAMRnet	A unique
ST6014	1	1	KlebAMRnet	A unique
ST6016	1	1	KlebAMRnet	A unique
ST6033	1	1	KlebAMRnet	A unique
ST6045	1	1	KlebAMRnet	A unique
ST605	3	2	KlebAMRnet	A unique
ST6062	1	1	KlebAMRnet	A unique
ST6068	1	1	KlebAMRnet	A unique
ST6069	1	1	KlebAMRnet	A unique
ST6070	1	1	KlebAMRnet	A unique
ST6071	2	2	KlebAMRnet	A unique
ST6073	1	1	KlebAMRnet	A unique
ST6077	2	2	KlebAMRnet	A unique
ST6078	1	1	KlebAMRnet	A unique
ST6082	2	2	KlebAMRnet	A unique
ST6083	1	1	KlebAMRnet	A unique
ST6085	1	1	KlebAMRnet	A unique
ST609	1	1	KlebAMRnet	A unique
ST6092	2	2	KlebAMRnet	A unique
ST6093-1LV	1	1	KlebAMRnet	A unique
ST6099	1	1	KlebAMRnet	A unique
ST610	5	3	KlebAMRnet	A unique
ST6104	2	2	KlebAMRnet	A unique
ST6107	1	1	KlebAMRnet	A unique
ST6124	1	1	KlebAMRnet	A unique
ST6125	1	1	KlebAMRnet	A unique
ST6128	1	1	KlebAMRnet	A unique
ST6129	1	1	KlebAMRnet	A unique
ST6137	1	1	KlebAMRnet	A unique
ST6137-1LV	1	1	KlebAMRnet	A unique
ST6146-4LV	1	1	KlebAMRnet	A unique
ST6150	2	2	KlebAMRnet	A unique
ST6150-1LV	1	1	KlebAMRnet	A unique
ST6155	1	1	KlebAMRnet	A unique
ST6161	1	1	KlebAMRnet	A unique
ST6162	1	1	KlebAMRnet	A unique
ST6163	1	1	KlebAMRnet	A unique
ST6164	1	1	KlebAMRnet	A unique
ST6165	1	1	KlebAMRnet	A unique
ST6166	2	2	KlebAMRnet	A unique
ST6167	1	1	KlebAMRnet	A unique
ST6169	1	1	KlebAMRnet	A unique
ST617	6	4	KlebAMRnet	A unique
ST6171	1	1	KlebAMRnet	A unique
ST6188-1LV	1	1	KlebAMRnet	A unique
ST62	2	2	KlebAMRnet	A unique
ST6218	1	1	KlebAMRnet	A unique
ST6232	1	1	KlebAMRnet	A unique
ST6250	4	3	KlebAMRnet	A unique
ST6259	1	1	KlebAMRnet	A unique
ST6260	2	2	KlebAMRnet	A unique
ST6261	1	1	KlebAMRnet	A unique
ST6264	1	1	KlebAMRnet	A unique
ST628-1LV	4	3	KlebAMRnet	A unique
ST629-1LV	1	1	KlebAMRnet	A unique
ST6294	1	1	KlebAMRnet	A unique
ST6296	1	1	KlebAMRnet	A unique
ST63-1LV	1	1	KlebAMRnet	A unique
ST631	5	2	KlebAMRnet	A unique
ST6322	1	1	KlebAMRnet	A unique
ST6324	1	1	KlebAMRnet	A unique
ST6328	1	1	KlebAMRnet	A unique
ST6334-2LV	1	1	KlebAMRnet	A unique
ST6336	1	1	KlebAMRnet	A unique
ST6337	2	1	KlebAMRnet	A unique
ST6339	1	1	KlebAMRnet	A unique
ST6341	1	1	KlebAMRnet	A unique
ST636-3LV	1	1	KlebAMRnet	A unique
ST6362	1	1	KlebAMRnet	A unique
ST637-3LV	1	1	KlebAMRnet	A unique
ST6400-1LV	1	1	KlebAMRnet	A unique
ST6401	1	1	KlebAMRnet	A unique
ST6405	1	1	KlebAMRnet	A unique
ST6406	1	1	KlebAMRnet	A unique
ST6407	1	1	KlebAMRnet	A unique
ST6416	1	1	KlebAMRnet	A unique
ST6421	1	1	KlebAMRnet	A unique
ST643-1LV	1	1	KlebAMRnet	A unique
ST6433	2	2	KlebAMRnet	A unique
ST6463	1	1	KlebAMRnet	A unique
ST6482	1	1	KlebAMRnet	A unique
ST6484	3	3	KlebAMRnet	A unique
ST6485	1	1	KlebAMRnet	A unique
ST6488	1	1	KlebAMRnet	A unique
ST65	22	5	KlebAMRnet	A unique
ST65-1LV	1	1	KlebAMRnet	A unique
ST6508	1	1	KlebAMRnet	A unique
ST6509	1	1	KlebAMRnet	A unique
ST6510	2	2	KlebAMRnet	A unique
ST6511	1	1	KlebAMRnet	A unique
ST6512	1	1	KlebAMRnet	A unique
ST6513	1	1	KlebAMRnet	A unique
ST6514	2	2	KlebAMRnet	A unique
ST6515	1	1	KlebAMRnet	A unique
ST6517	1	1	KlebAMRnet	A unique
ST6518	1	1	KlebAMRnet	A unique
ST6519	1	1	KlebAMRnet	A unique
ST6520	1	1	KlebAMRnet	A unique
ST6521	2	2	KlebAMRnet	A unique
ST6522	2	2	KlebAMRnet	A unique
ST6523	1	1	KlebAMRnet	A unique
ST6524	1	1	KlebAMRnet	A unique
ST6525	1	1	KlebAMRnet	A unique
ST6526	1	1	KlebAMRnet	A unique
ST6527	1	1	KlebAMRnet	A unique
ST6528	1	1	KlebAMRnet	A unique
ST6529	1	1	KlebAMRnet	A unique
ST6530	1	1	KlebAMRnet	A unique
ST6531	1	1	KlebAMRnet	A unique
ST6532	1	1	KlebAMRnet	A unique
ST6533	1	1	KlebAMRnet	A unique
ST6534	1	1	KlebAMRnet	A unique
ST6535	1	1	KlebAMRnet	A unique
ST6536	1	1	KlebAMRnet	A unique
ST6537	1	1	KlebAMRnet	A unique
ST6538	2	2	KlebAMRnet	A unique
ST6539	1	1	KlebAMRnet	A unique
ST6540	1	1	KlebAMRnet	A unique
ST6541	1	1	KlebAMRnet	A unique
ST6542	1	1	KlebAMRnet	A unique
ST6543	1	1	KlebAMRnet	A unique
ST6544	2	2	KlebAMRnet	A unique
ST6545	1	1	KlebAMRnet	A unique
ST6546	1	1	KlebAMRnet	A unique
ST6547	1	1	KlebAMRnet	A unique
ST6548	1	1	KlebAMRnet	A unique
ST6548-1LV	1	1	KlebAMRnet	A unique
ST6549	1	1	KlebAMRnet	A unique
ST655	1	1	KlebAMRnet	A unique
ST6550	1	1	KlebAMRnet	A unique
ST6551	1	1	KlebAMRnet	A unique
ST6552	1	1	KlebAMRnet	A unique
ST6553	1	1	KlebAMRnet	A unique
ST6554	1	1	KlebAMRnet	A unique
ST6555	1	1	KlebAMRnet	A unique
ST6556	2	1	KlebAMRnet	A unique
ST6557	1	1	KlebAMRnet	A unique
ST6558	1	1	KlebAMRnet	A unique
ST6559	1	1	KlebAMRnet	A unique
ST656	8	5	KlebAMRnet	A unique
ST6560	1	1	KlebAMRnet	A unique
ST6561	1	1	KlebAMRnet	A unique
ST6562	1	1	KlebAMRnet	A unique
ST6563	1	1	KlebAMRnet	A unique
ST6564	1	1	KlebAMRnet	A unique
ST6565	1	1	KlebAMRnet	A unique
ST6566	1	1	KlebAMRnet	A unique
ST6567	1	1	KlebAMRnet	A unique
ST6568	1	1	KlebAMRnet	A unique
ST6569	2	2	KlebAMRnet	A unique
ST6570	2	2	KlebAMRnet	A unique
ST6571	1	1	KlebAMRnet	A unique
ST6572	1	1	KlebAMRnet	A unique
ST6573	1	1	KlebAMRnet	A unique
ST6574	1	1	KlebAMRnet	A unique
ST6575	1	1	KlebAMRnet	A unique
ST6576	2	2	KlebAMRnet	A unique
ST6577	1	1	KlebAMRnet	A unique
ST6578	1	1	KlebAMRnet	A unique
ST6579	1	1	KlebAMRnet	A unique
ST6580	1	1	KlebAMRnet	A unique
ST6580-1LV	1	1	KlebAMRnet	A unique
ST6581	1	1	KlebAMRnet	A unique
ST6582	1	1	KlebAMRnet	A unique
ST6583	2	2	KlebAMRnet	A unique
ST6584	1	1	KlebAMRnet	A unique
ST6585	1	1	KlebAMRnet	A unique
ST6587	1	1	KlebAMRnet	A unique
ST6588	1	1	KlebAMRnet	A unique
ST6589	1	1	KlebAMRnet	A unique
ST659	8	3	KlebAMRnet	A unique
ST659-1LV	1	1	KlebAMRnet	A unique
ST6590	1	1	KlebAMRnet	A unique
ST6591	1	1	KlebAMRnet	A unique
ST6592	1	1	KlebAMRnet	A unique
ST6593	1	1	KlebAMRnet	A unique
ST6594	1	1	KlebAMRnet	A unique
ST6595	1	1	KlebAMRnet	A unique
ST6596	1	1	KlebAMRnet	A unique
ST6597	1	1	KlebAMRnet	A unique
ST6598	1	1	KlebAMRnet	A unique
ST6599	1	1	KlebAMRnet	A unique
ST66-1LV	3	2	KlebAMRnet	A unique
ST660	7	2	KlebAMRnet	A unique
ST6600	1	1	KlebAMRnet	A unique
ST6601	1	1	KlebAMRnet	A unique
ST6602	1	1	KlebAMRnet	A unique
ST6603	1	1	KlebAMRnet	A unique
ST6604	1	1	KlebAMRnet	A unique
ST6605	1	1	KlebAMRnet	A unique
ST6606	1	1	KlebAMRnet	A unique
ST6607	1	1	KlebAMRnet	A unique
ST6608	1	1	KlebAMRnet	A unique
ST6609	1	1	KlebAMRnet	A unique
ST661-1LV	1	1	KlebAMRnet	A unique
ST6610	1	1	KlebAMRnet	A unique
ST6611	1	1	KlebAMRnet	A unique
ST6612	1	1	KlebAMRnet	A unique
ST6613	1	1	KlebAMRnet	A unique
ST6614	1	1	KlebAMRnet	A unique
ST6615	1	1	KlebAMRnet	A unique
ST6616	1	1	KlebAMRnet	A unique
ST6617	1	1	KlebAMRnet	A unique
ST6618	1	1	KlebAMRnet	A unique
ST6619	1	1	KlebAMRnet	A unique
ST6620	1	1	KlebAMRnet	A unique
ST6621	1	1	KlebAMRnet	A unique
ST6622	1	1	KlebAMRnet	A unique
ST6623	1	1	KlebAMRnet	A unique
ST6624	1	1	KlebAMRnet	A unique
ST6625	1	1	KlebAMRnet	A unique
ST6626	1	1	KlebAMRnet	A unique
ST6627	1	1	KlebAMRnet	A unique
ST6628	1	1	KlebAMRnet	A unique
ST6629	1	1	KlebAMRnet	A unique
ST6630	1	1	KlebAMRnet	A unique
ST6631	1	1	KlebAMRnet	A unique
ST6632	1	1	KlebAMRnet	A unique
ST6633	1	1	KlebAMRnet	A unique
ST6634	1	1	KlebAMRnet	A unique
ST6635	1	1	KlebAMRnet	A unique
ST6636	1	1	KlebAMRnet	A unique
ST6637	1	1	KlebAMRnet	A unique
ST6638	1	1	KlebAMRnet	A unique
ST6643	1	1	KlebAMRnet	A unique
ST6643-1LV	1	1	KlebAMRnet	A unique
ST6650	1	1	KlebAMRnet	A unique
ST6651	1	1	KlebAMRnet	A unique
ST6652	1	1	KlebAMRnet	A unique
ST6668	1	1	KlebAMRnet	A unique
ST667	1	1	KlebAMRnet	A unique
ST6673	1	1	KlebAMRnet	A unique
ST6701	1	1	KlebAMRnet	A unique
ST674-2LV	1	1	KlebAMRnet	A unique
ST6758	1	1	KlebAMRnet	A unique
ST677	1	1	KlebAMRnet	A unique
ST6772	1	1	KlebAMRnet	A unique
ST678	8	2	KlebAMRnet	A unique
ST678-1LV	1	1	KlebAMRnet	A unique
ST679	1	1	KlebAMRnet	A unique
ST6791	2	1	KlebAMRnet	A unique
ST6791-1LV	1	1	KlebAMRnet	A unique
ST6799	1	1	KlebAMRnet	A unique
ST6803-1LV	1	1	KlebAMRnet	A unique
ST6805	1	1	KlebAMRnet	A unique
ST6807	1	1	KlebAMRnet	A unique
ST6810	1	1	KlebAMRnet	A unique
ST6820	1	1	KlebAMRnet	A unique
ST6821	1	1	KlebAMRnet	A unique
ST6823	1	1	KlebAMRnet	A unique
ST6824	1	1	KlebAMRnet	A unique
ST6839	1	1	KlebAMRnet	A unique
ST6839-1LV	1	1	KlebAMRnet	A unique
ST685	7	3	KlebAMRnet	A unique
ST685-1LV	1	1	KlebAMRnet	A unique
ST6855	1	1	KlebAMRnet	A unique
ST686	2	2	KlebAMRnet	A unique
ST6863	1	1	KlebAMRnet	A unique
ST687	4	2	KlebAMRnet	A unique
ST6871	1	1	KlebAMRnet	A unique
ST6873	1	1	KlebAMRnet	A unique
ST6901	1	1	KlebAMRnet	A unique
ST692	3	2	KlebAMRnet	A unique
ST692-1LV	1	1	KlebAMRnet	A unique
ST692-2LV	1	1	KlebAMRnet	A unique
ST6933	1	1	KlebAMRnet	A unique
ST6939	1	1	KlebAMRnet	A unique
ST694	1	1	KlebAMRnet	A unique
ST6958	1	1	KlebAMRnet	A unique
ST6959	2	2	KlebAMRnet	A unique
ST7	4	3	KlebAMRnet	A unique
ST700	2	2	KlebAMRnet	A unique
ST704	3	1	KlebAMRnet	A unique
ST7078-1LV	1	1	KlebAMRnet	A unique
ST709	11	4	KlebAMRnet	A unique
ST7093	1	1	KlebAMRnet	A unique
ST71	2	2	KlebAMRnet	A unique
ST7126	1	1	KlebAMRnet	A unique
ST714	1	1	KlebAMRnet	A unique
ST7140	1	1	KlebAMRnet	A unique
ST715	1	1	KlebAMRnet	A unique
ST721	1	1	KlebAMRnet	A unique
ST722	2	1	KlebAMRnet	A unique
ST723	4	3	KlebAMRnet	A unique
ST730	5	3	KlebAMRnet	A unique
ST730-1LV	2	2	KlebAMRnet	A unique
ST732	2	2	KlebAMRnet	A unique
ST74	1	1	KlebAMRnet	A unique
ST742	4	2	KlebAMRnet	A unique
ST742-1LV	1	1	KlebAMRnet	A unique
ST743-1LV	1	1	KlebAMRnet	A unique
ST745	2	1	KlebAMRnet	A unique
ST750	2	2	KlebAMRnet	A unique
ST751	1	1	KlebAMRnet	A unique
ST753	6	4	KlebAMRnet	A unique
ST76-1LV	4	2	KlebAMRnet	A unique
ST766	2	2	KlebAMRnet	A unique
ST770	2	2	KlebAMRnet	A unique
ST776	4	2	KlebAMRnet	A unique
ST776-1LV	1	1	KlebAMRnet	A unique
ST776-2LV	1	1	KlebAMRnet	A unique
ST778	1	1	KlebAMRnet	A unique
ST78	4	3	KlebAMRnet	A unique
ST78-1LV	1	1	KlebAMRnet	A unique
ST781	1	1	KlebAMRnet	A unique
ST784-1LV	1	1	KlebAMRnet	A unique
ST785	4	3	KlebAMRnet	A unique
ST785-1LV	1	1	KlebAMRnet	A unique
ST788-1LV	1	1	KlebAMRnet	A unique
ST791	9	3	KlebAMRnet	A unique
ST806	1	1	KlebAMRnet	A unique
ST82	1	1	KlebAMRnet	A unique
ST827-1LV	1	1	KlebAMRnet	A unique
ST828	3	2	KlebAMRnet	A unique
ST831	11	5	KlebAMRnet	A unique
ST833	2	2	KlebAMRnet	A unique
ST834	7	4	KlebAMRnet	A unique
ST835	3	2	KlebAMRnet	A unique
ST836	1	1	KlebAMRnet	A unique
ST844	1	1	KlebAMRnet	A unique
ST849	1	1	KlebAMRnet	A unique
ST855	4	2	KlebAMRnet	A unique
ST859	3	3	KlebAMRnet	A unique
ST86-1LV	1	1	KlebAMRnet	A unique
ST868	2	2	KlebAMRnet	A unique
ST869	6	4	KlebAMRnet	A unique
ST870-2LV	1	1	KlebAMRnet	A unique
ST872-1LV	1	1	KlebAMRnet	A unique
ST873	22	6	KlebAMRnet	A unique
ST874	7	4	KlebAMRnet	A unique
ST875	1	1	KlebAMRnet	A unique
ST876-1LV	1	1	KlebAMRnet	A unique
ST884	2	2	KlebAMRnet	A unique
ST890	1	1	KlebAMRnet	A unique
ST893	6	4	KlebAMRnet	A unique
ST895-1LV	1	1	KlebAMRnet	A unique
ST901	1	1	KlebAMRnet	A unique
ST902	8	2	KlebAMRnet	A unique
ST904	3	2	KlebAMRnet	A unique
ST91	1	1	KlebAMRnet	A unique
ST913	1	1	KlebAMRnet	A unique
ST914	3	3	KlebAMRnet	A unique
ST915	7	3	KlebAMRnet	A unique
ST915-1LV	2	2	KlebAMRnet	A unique
ST920	2	1	KlebAMRnet	A unique
ST922	6	3	KlebAMRnet	A unique
ST924	2	2	KlebAMRnet	A unique
ST940	6	3	KlebAMRnet	A unique
ST941	4	3	KlebAMRnet	A unique
ST941-1LV	1	1	KlebAMRnet	A unique
ST942	3	2	KlebAMRnet	A unique
ST942-1LV	1	1	KlebAMRnet	A unique
ST943	3	2	KlebAMRnet	A unique
ST948	3	3	KlebAMRnet	A unique
ST955-1LV	2	2	KlebAMRnet	A unique
ST960	1	1	KlebAMRnet	A unique
ST964	7	3	KlebAMRnet	A unique
ST968	5	4	KlebAMRnet	A unique
ST972	1	1	KlebAMRnet	A unique
ST976	4	2	KlebAMRnet	A unique
ST983-3LV	2	1	KlebAMRnet	A unique
ST992-2LV	1	1	KlebAMRnet	A unique
ST997-1LV	1	1	KlebAMRnet	A unique
ST998-2LV	1	1	KlebAMRnet	A unique
ST999	4	2	KlebAMRnet	A unique
ST999-1LV	1	1	KlebAMRnet	A unique
ST101-1LV	9	4	KlebAMRnet|KlebNNSsero	A∩B only
ST1035	8	3	KlebAMRnet|KlebNNSsero	A∩B only
ST1059	2	2	KlebAMRnet|KlebNNSsero	A∩B only
ST11-1LV	9	5	KlebAMRnet|KlebNNSsero	A∩B only
ST1119	10	5	KlebAMRnet|KlebNNSsero	A∩B only
ST1207	7	5	KlebAMRnet|KlebNNSsero	A∩B only
ST1296	9	4	KlebAMRnet|KlebNNSsero	A∩B only
ST1306	3	2	KlebAMRnet|KlebNNSsero	A∩B only
ST1373	8	5	KlebAMRnet|KlebNNSsero	A∩B only
ST1401	11	4	KlebAMRnet|KlebNNSsero	A∩B only
ST1414	3	2	KlebAMRnet|KlebNNSsero	A∩B only
ST1530	7	4	KlebAMRnet|KlebNNSsero	A∩B only
ST1540	8	4	KlebAMRnet|KlebNNSsero	A∩B only
ST1552	5	2	KlebAMRnet|KlebNNSsero	A∩B only
ST156	2	2	KlebAMRnet|KlebNNSsero	A∩B only
ST161	6	4	KlebAMRnet|KlebNNSsero	A∩B only
ST1655	2	1	KlebAMRnet|KlebNNSsero	A∩B only
ST170	2	1	KlebAMRnet|KlebNNSsero	A∩B only
ST1741	9	3	KlebAMRnet|KlebNNSsero	A∩B only
ST1777	8	5	KlebAMRnet|KlebNNSsero	A∩B only
ST1786	3	3	KlebAMRnet|KlebNNSsero	A∩B only
ST1799	8	4	KlebAMRnet|KlebNNSsero	A∩B only
ST18	11	5	KlebAMRnet|KlebNNSsero	A∩B only
ST1804	2	2	KlebAMRnet|KlebNNSsero	A∩B only
ST1855	3	2	KlebAMRnet|KlebNNSsero	A∩B only
ST1873	5	3	KlebAMRnet|KlebNNSsero	A∩B only
ST1927	6	4	KlebAMRnet|KlebNNSsero	A∩B only
ST1958	5	4	KlebAMRnet|KlebNNSsero	A∩B only
ST2039	6	4	KlebAMRnet|KlebNNSsero	A∩B only
ST218	16	4	KlebAMRnet|KlebNNSsero	A∩B only
ST22-1LV	3	2	KlebAMRnet|KlebNNSsero	A∩B only
ST2258	2	1	KlebAMRnet|KlebNNSsero	A∩B only
ST2439	4	2	KlebAMRnet|KlebNNSsero	A∩B only
ST2441	5	4	KlebAMRnet|KlebNNSsero	A∩B only
ST2482-1LV	1	1	KlebAMRnet|KlebNNSsero	A∩B only
ST2597	3	2	KlebAMRnet|KlebNNSsero	A∩B only
ST261	9	5	KlebAMRnet|KlebNNSsero	A∩B only
ST2621	1	1	KlebAMRnet|KlebNNSsero	A∩B only
ST2632	5	3	KlebAMRnet|KlebNNSsero	A∩B only
ST2665	3	3	KlebAMRnet|KlebNNSsero	A∩B only
ST2674	4	2	KlebAMRnet|KlebNNSsero	A∩B only
ST268-1LV	2	1	KlebAMRnet|KlebNNSsero	A∩B only
ST2800	4	3	KlebAMRnet|KlebNNSsero	A∩B only
ST2805	5	3	KlebAMRnet|KlebNNSsero	A∩B only
ST29-1LV	5	4	KlebAMRnet|KlebNNSsero	A∩B only
ST297	8	5	KlebAMRnet|KlebNNSsero	A∩B only
ST2986	1	1	KlebAMRnet|KlebNNSsero	A∩B only
ST307-1LV	12	6	KlebAMRnet|KlebNNSsero	A∩B only
ST313	9	5	KlebAMRnet|KlebNNSsero	A∩B only
ST3132	6	3	KlebAMRnet|KlebNNSsero	A∩B only
ST3140	2	2	KlebAMRnet|KlebNNSsero	A∩B only
ST3175-1LV	1	1	KlebAMRnet|KlebNNSsero	A∩B only
ST3247	3	3	KlebAMRnet|KlebNNSsero	A∩B only
ST327	13	5	KlebAMRnet|KlebNNSsero	A∩B only
ST3278	5	3	KlebAMRnet|KlebNNSsero	A∩B only
ST3430	5	4	KlebAMRnet|KlebNNSsero	A∩B only
ST3623	6	3	KlebAMRnet|KlebNNSsero	A∩B only
ST372	6	2	KlebAMRnet|KlebNNSsero	A∩B only
ST38	11	4	KlebAMRnet|KlebNNSsero	A∩B only
ST394	22	3	KlebAMRnet|KlebNNSsero	A∩B only
ST397	17	4	KlebAMRnet|KlebNNSsero	A∩B only
ST4	14	5	KlebAMRnet|KlebNNSsero	A∩B only
ST40	7	4	KlebAMRnet|KlebNNSsero	A∩B only
ST4083	5	2	KlebAMRnet|KlebNNSsero	A∩B only
ST413	1	1	KlebAMRnet|KlebNNSsero	A∩B only
ST420	16	4	KlebAMRnet|KlebNNSsero	A∩B only
ST429	12	5	KlebAMRnet|KlebNNSsero	A∩B only
ST4408	1	1	KlebAMRnet|KlebNNSsero	A∩B only
ST441-1LV	2	2	KlebAMRnet|KlebNNSsero	A∩B only
ST4410	1	1	KlebAMRnet|KlebNNSsero	A∩B only
ST4411	2	2	KlebAMRnet|KlebNNSsero	A∩B only
ST45-1LV	9	5	KlebAMRnet|KlebNNSsero	A∩B only
ST464	11	4	KlebAMRnet|KlebNNSsero	A∩B only
ST464-1LV	2	2	KlebAMRnet|KlebNNSsero	A∩B only
ST4813	2	2	KlebAMRnet|KlebNNSsero	A∩B only
ST482	2	1	KlebAMRnet|KlebNNSsero	A∩B only
ST4860	5	2	KlebAMRnet|KlebNNSsero	A∩B only
ST4872	2	2	KlebAMRnet|KlebNNSsero	A∩B only
ST542	4	2	KlebAMRnet|KlebNNSsero	A∩B only
ST560	8	4	KlebAMRnet|KlebNNSsero	A∩B only
ST5731	2	2	KlebAMRnet|KlebNNSsero	A∩B only
ST5785	2	2	KlebAMRnet|KlebNNSsero	A∩B only
ST585	4	3	KlebAMRnet|KlebNNSsero	A∩B only
ST592	11	5	KlebAMRnet|KlebNNSsero	A∩B only
ST6126	2	2	KlebAMRnet|KlebNNSsero	A∩B only
ST6366	1	1	KlebAMRnet|KlebNNSsero	A∩B only
ST6516	2	2	KlebAMRnet|KlebNNSsero	A∩B only
ST6586	1	1	KlebAMRnet|KlebNNSsero	A∩B only
ST664	7	4	KlebAMRnet|KlebNNSsero	A∩B only
ST6931	1	1	KlebAMRnet|KlebNNSsero	A∩B only
ST70-1LV	4	2	KlebAMRnet|KlebNNSsero	A∩B only
ST716	16	5	KlebAMRnet|KlebNNSsero	A∩B only
ST726	5	2	KlebAMRnet|KlebNNSsero	A∩B only
ST73	6	3	KlebAMRnet|KlebNNSsero	A∩B only
ST8	11	5	KlebAMRnet|KlebNNSsero	A∩B only
ST815	4	2	KlebAMRnet|KlebNNSsero	A∩B only
ST883-1LV	3	2	KlebAMRnet|KlebNNSsero	A∩B only
ST895	5	3	KlebAMRnet|KlebNNSsero	A∩B only
ST985-1LV	4	3	KlebAMRnet|KlebNNSsero	A∩B only
ST987	3	3	KlebAMRnet|KlebNNSsero	A∩B only
ST997	7	5	KlebAMRnet|KlebNNSsero	A∩B only
ST101	59	6	KlebAMRnet|KlebNNSsero|klebpavia+kaspah	A∩B∩C
ST105	21	5	KlebAMRnet|KlebNNSsero|klebpavia+kaspah	A∩B∩C
ST1079	7	4	KlebAMRnet|KlebNNSsero|klebpavia+kaspah	A∩B∩C
ST11	71	6	KlebAMRnet|KlebNNSsero|klebpavia+kaspah	A∩B∩C
ST110	8	4	KlebAMRnet|KlebNNSsero|klebpavia+kaspah	A∩B∩C
ST1109	6	4	KlebAMRnet|KlebNNSsero|klebpavia+kaspah	A∩B∩C
ST1263	8	4	KlebAMRnet|KlebNNSsero|klebpavia+kaspah	A∩B∩C
ST13	38	6	KlebAMRnet|KlebNNSsero|klebpavia+kaspah	A∩B∩C
ST133	27	5	KlebAMRnet|KlebNNSsero|klebpavia+kaspah	A∩B∩C
ST14	61	6	KlebAMRnet|KlebNNSsero|klebpavia+kaspah	A∩B∩C
ST1427	10	4	KlebAMRnet|KlebNNSsero|klebpavia+kaspah	A∩B∩C
ST147	66	6	KlebAMRnet|KlebNNSsero|klebpavia+kaspah	A∩B∩C
ST1486	6	3	KlebAMRnet|KlebNNSsero|klebpavia+kaspah	A∩B∩C
ST15	72	6	KlebAMRnet|KlebNNSsero|klebpavia+kaspah	A∩B∩C
ST152	33	6	KlebAMRnet|KlebNNSsero|klebpavia+kaspah	A∩B∩C
ST16	44	6	KlebAMRnet|KlebNNSsero|klebpavia+kaspah	A∩B∩C
ST163	14	5	KlebAMRnet|KlebNNSsero|klebpavia+kaspah	A∩B∩C
ST17	58	6	KlebAMRnet|KlebNNSsero|klebpavia+kaspah	A∩B∩C
ST1800	4	3	KlebAMRnet|KlebNNSsero|klebpavia+kaspah	A∩B∩C
ST1805	5	5	KlebAMRnet|KlebNNSsero|klebpavia+kaspah	A∩B∩C
ST1877	4	3	KlebAMRnet|KlebNNSsero|klebpavia+kaspah	A∩B∩C
ST198	11	4	KlebAMRnet|KlebNNSsero|klebpavia+kaspah	A∩B∩C
ST20	47	6	KlebAMRnet|KlebNNSsero|klebpavia+kaspah	A∩B∩C
ST200	19	6	KlebAMRnet|KlebNNSsero|klebpavia+kaspah	A∩B∩C
ST2004	10	5	KlebAMRnet|KlebNNSsero|klebpavia+kaspah	A∩B∩C
ST219	26	6	KlebAMRnet|KlebNNSsero|klebpavia+kaspah	A∩B∩C
ST22	31	6	KlebAMRnet|KlebNNSsero|klebpavia+kaspah	A∩B∩C
ST225	15	6	KlebAMRnet|KlebNNSsero|klebpavia+kaspah	A∩B∩C
ST231	35	6	KlebAMRnet|KlebNNSsero|klebpavia+kaspah	A∩B∩C
ST234	16	5	KlebAMRnet|KlebNNSsero|klebpavia+kaspah	A∩B∩C
ST25	47	6	KlebAMRnet|KlebNNSsero|klebpavia+kaspah	A∩B∩C
ST256	7	5	KlebAMRnet|KlebNNSsero|klebpavia+kaspah	A∩B∩C
ST268	33	6	KlebAMRnet|KlebNNSsero|klebpavia+kaspah	A∩B∩C
ST273	28	6	KlebAMRnet|KlebNNSsero|klebpavia+kaspah	A∩B∩C
ST280	23	6	KlebAMRnet|KlebNNSsero|klebpavia+kaspah	A∩B∩C
ST29	51	6	KlebAMRnet|KlebNNSsero|klebpavia+kaspah	A∩B∩C
ST292	15	5	KlebAMRnet|KlebNNSsero|klebpavia+kaspah	A∩B∩C
ST307	72	6	KlebAMRnet|KlebNNSsero|klebpavia+kaspah	A∩B∩C
ST322	15	5	KlebAMRnet|KlebNNSsero|klebpavia+kaspah	A∩B∩C
ST323	29	5	KlebAMRnet|KlebNNSsero|klebpavia+kaspah	A∩B∩C
ST3248	6	3	KlebAMRnet|KlebNNSsero|klebpavia+kaspah	A∩B∩C
ST33	8	3	KlebAMRnet|KlebNNSsero|klebpavia+kaspah	A∩B∩C
ST336	31	5	KlebAMRnet|KlebNNSsero|klebpavia+kaspah	A∩B∩C
ST337	14	5	KlebAMRnet|KlebNNSsero|klebpavia+kaspah	A∩B∩C
ST34	27	6	KlebAMRnet|KlebNNSsero|klebpavia+kaspah	A∩B∩C
ST340	40	6	KlebAMRnet|KlebNNSsero|klebpavia+kaspah	A∩B∩C
ST348	20	6	KlebAMRnet|KlebNNSsero|klebpavia+kaspah	A∩B∩C
ST35	49	6	KlebAMRnet|KlebNNSsero|klebpavia+kaspah	A∩B∩C
ST359	11	5	KlebAMRnet|KlebNNSsero|klebpavia+kaspah	A∩B∩C
ST36	39	6	KlebAMRnet|KlebNNSsero|klebpavia+kaspah	A∩B∩C
ST37	61	6	KlebAMRnet|KlebNNSsero|klebpavia+kaspah	A∩B∩C
ST377	14	4	KlebAMRnet|KlebNNSsero|klebpavia+kaspah	A∩B∩C
ST39	50	6	KlebAMRnet|KlebNNSsero|klebpavia+kaspah	A∩B∩C
ST391	18	5	KlebAMRnet|KlebNNSsero|klebpavia+kaspah	A∩B∩C
ST392	33	6	KlebAMRnet|KlebNNSsero|klebpavia+kaspah	A∩B∩C
ST395	34	5	KlebAMRnet|KlebNNSsero|klebpavia+kaspah	A∩B∩C
ST405	32	6	KlebAMRnet|KlebNNSsero|klebpavia+kaspah	A∩B∩C
ST4074	3	2	KlebAMRnet|KlebNNSsero|klebpavia+kaspah	A∩B∩C
ST43	20	6	KlebAMRnet|KlebNNSsero|klebpavia+kaspah	A∩B∩C
ST433	8	4	KlebAMRnet|KlebNNSsero|klebpavia+kaspah	A∩B∩C
ST437	24	6	KlebAMRnet|KlebNNSsero|klebpavia+kaspah	A∩B∩C
ST442	8	5	KlebAMRnet|KlebNNSsero|klebpavia+kaspah	A∩B∩C
ST45	59	6	KlebAMRnet|KlebNNSsero|klebpavia+kaspah	A∩B∩C
ST469	17	5	KlebAMRnet|KlebNNSsero|klebpavia+kaspah	A∩B∩C
ST48	45	5	KlebAMRnet|KlebNNSsero|klebpavia+kaspah	A∩B∩C
ST490	7	3	KlebAMRnet|KlebNNSsero|klebpavia+kaspah	A∩B∩C
ST491	11	5	KlebAMRnet|KlebNNSsero|klebpavia+kaspah	A∩B∩C
ST502	17	4	KlebAMRnet|KlebNNSsero|klebpavia+kaspah	A∩B∩C
ST530	16	5	KlebAMRnet|KlebNNSsero|klebpavia+kaspah	A∩B∩C
ST54	23	5	KlebAMRnet|KlebNNSsero|klebpavia+kaspah	A∩B∩C
ST540	16	5	KlebAMRnet|KlebNNSsero|klebpavia+kaspah	A∩B∩C
ST551	21	5	KlebAMRnet|KlebNNSsero|klebpavia+kaspah	A∩B∩C
ST584	16	5	KlebAMRnet|KlebNNSsero|klebpavia+kaspah	A∩B∩C
ST607	15	5	KlebAMRnet|KlebNNSsero|klebpavia+kaspah	A∩B∩C
ST611	9	4	KlebAMRnet|KlebNNSsero|klebpavia+kaspah	A∩B∩C
ST626	7	3	KlebAMRnet|KlebNNSsero|klebpavia+kaspah	A∩B∩C
ST628	15	5	KlebAMRnet|KlebNNSsero|klebpavia+kaspah	A∩B∩C
ST661	30	6	KlebAMRnet|KlebNNSsero|klebpavia+kaspah	A∩B∩C
ST70	34	6	KlebAMRnet|KlebNNSsero|klebpavia+kaspah	A∩B∩C
ST711	14	4	KlebAMRnet|KlebNNSsero|klebpavia+kaspah	A∩B∩C
ST76	28	5	KlebAMRnet|KlebNNSsero|klebpavia+kaspah	A∩B∩C
ST789	9	5	KlebAMRnet|KlebNNSsero|klebpavia+kaspah	A∩B∩C
ST86	35	6	KlebAMRnet|KlebNNSsero|klebpavia+kaspah	A∩B∩C
ST870	20	5	KlebAMRnet|KlebNNSsero|klebpavia+kaspah	A∩B∩C
ST882	12	4	KlebAMRnet|KlebNNSsero|klebpavia+kaspah	A∩B∩C
ST950	8	4	KlebAMRnet|KlebNNSsero|klebpavia+kaspah	A∩B∩C
ST967	15	4	KlebAMRnet|KlebNNSsero|klebpavia+kaspah	A∩B∩C
ST983	11	6	KlebAMRnet|KlebNNSsero|klebpavia+kaspah	A∩B∩C
ST985	25	5	KlebAMRnet|KlebNNSsero|klebpavia+kaspah	A∩B∩C
ST995	9	4	KlebAMRnet|KlebNNSsero|klebpavia+kaspah	A∩B∩C
ST1	21	6	KlebAMRnet|klebpavia+kaspah	A∩C only
ST10	5	2	KlebAMRnet|klebpavia+kaspah	A∩C only
ST1010	3	3	KlebAMRnet|klebpavia+kaspah	A∩C only
ST1012	3	1	KlebAMRnet|klebpavia+kaspah	A∩C only
ST1017	5	4	KlebAMRnet|klebpavia+kaspah	A∩C only
ST104	10	4	KlebAMRnet|klebpavia+kaspah	A∩C only
ST107	20	6	KlebAMRnet|klebpavia+kaspah	A∩C only
ST1083	7	3	KlebAMRnet|klebpavia+kaspah	A∩C only
ST1090	2	1	KlebAMRnet|klebpavia+kaspah	A∩C only
ST1102	3	3	KlebAMRnet|klebpavia+kaspah	A∩C only
ST1106	5	3	KlebAMRnet|klebpavia+kaspah	A∩C only
ST1107	5	3	KlebAMRnet|klebpavia+kaspah	A∩C only
ST111	39	6	KlebAMRnet|klebpavia+kaspah	A∩C only
ST1117	3	3	KlebAMRnet|klebpavia+kaspah	A∩C only
ST113	10	5	KlebAMRnet|klebpavia+kaspah	A∩C only
ST1138	3	2	KlebAMRnet|klebpavia+kaspah	A∩C only
ST116	9	4	KlebAMRnet|klebpavia+kaspah	A∩C only
ST1165	4	3	KlebAMRnet|klebpavia+kaspah	A∩C only
ST1189	7	4	KlebAMRnet|klebpavia+kaspah	A∩C only
ST1190	5	3	KlebAMRnet|klebpavia+kaspah	A∩C only
ST1193	7	4	KlebAMRnet|klebpavia+kaspah	A∩C only
ST1198	10	6	KlebAMRnet|klebpavia+kaspah	A∩C only
ST12	19	6	KlebAMRnet|klebpavia+kaspah	A∩C only
ST1213	6	5	KlebAMRnet|klebpavia+kaspah	A∩C only
ST1228	10	4	KlebAMRnet|klebpavia+kaspah	A∩C only
ST1241	2	1	KlebAMRnet|klebpavia+kaspah	A∩C only
ST127	4	2	KlebAMRnet|klebpavia+kaspah	A∩C only
ST1271	8	5	KlebAMRnet|klebpavia+kaspah	A∩C only
ST128	3	3	KlebAMRnet|klebpavia+kaspah	A∩C only
ST1307	9	4	KlebAMRnet|klebpavia+kaspah	A∩C only
ST1310	9	3	KlebAMRnet|klebpavia+kaspah	A∩C only
ST1315	2	2	KlebAMRnet|klebpavia+kaspah	A∩C only
ST132	2	1	KlebAMRnet|klebpavia+kaspah	A∩C only
ST1322	12	5	KlebAMRnet|klebpavia+kaspah	A∩C only
ST1334	2	1	KlebAMRnet|klebpavia+kaspah	A∩C only
ST134	11	4	KlebAMRnet|klebpavia+kaspah	A∩C only
ST1393	8	5	KlebAMRnet|klebpavia+kaspah	A∩C only
ST140	3	2	KlebAMRnet|klebpavia+kaspah	A∩C only
ST1408	6	4	KlebAMRnet|klebpavia+kaspah	A∩C only
ST1412	7	4	KlebAMRnet|klebpavia+kaspah	A∩C only
ST1418	3	3	KlebAMRnet|klebpavia+kaspah	A∩C only
ST1428	3	3	KlebAMRnet|klebpavia+kaspah	A∩C only
ST1441	3	3	KlebAMRnet|klebpavia+kaspah	A∩C only
ST1446	3	3	KlebAMRnet|klebpavia+kaspah	A∩C only
ST1449	6	4	KlebAMRnet|klebpavia+kaspah	A∩C only
ST145	3	2	KlebAMRnet|klebpavia+kaspah	A∩C only
ST1464	2	2	KlebAMRnet|klebpavia+kaspah	A∩C only
ST1496	4	2	KlebAMRnet|klebpavia+kaspah	A∩C only
ST1507	5	4	KlebAMRnet|klebpavia+kaspah	A∩C only
ST151	9	5	KlebAMRnet|klebpavia+kaspah	A∩C only
ST1527	2	1	KlebAMRnet|klebpavia+kaspah	A∩C only
ST1536	5	4	KlebAMRnet|klebpavia+kaspah	A∩C only
ST1537	17	5	KlebAMRnet|klebpavia+kaspah	A∩C only
ST1545	3	2	KlebAMRnet|klebpavia+kaspah	A∩C only
ST1547	2	2	KlebAMRnet|klebpavia+kaspah	A∩C only
ST1564	9	4	KlebAMRnet|klebpavia+kaspah	A∩C only
ST1569	6	3	KlebAMRnet|klebpavia+kaspah	A∩C only
ST1574	7	4	KlebAMRnet|klebpavia+kaspah	A∩C only
ST1583	4	3	KlebAMRnet|klebpavia+kaspah	A∩C only
ST159	2	1	KlebAMRnet|klebpavia+kaspah	A∩C only
ST1593	5	3	KlebAMRnet|klebpavia+kaspah	A∩C only
ST160	8	4	KlebAMRnet|klebpavia+kaspah	A∩C only
ST1609	5	3	KlebAMRnet|klebpavia+kaspah	A∩C only
ST1621	3	3	KlebAMRnet|klebpavia+kaspah	A∩C only
ST1623	2	1	KlebAMRnet|klebpavia+kaspah	A∩C only
ST1629	2	1	KlebAMRnet|klebpavia+kaspah	A∩C only
ST1631	1	1	KlebAMRnet|klebpavia+kaspah	A∩C only
ST1634	5	3	KlebAMRnet|klebpavia+kaspah	A∩C only
ST1644	3	2	KlebAMRnet|klebpavia+kaspah	A∩C only
ST1661	9	5	KlebAMRnet|klebpavia+kaspah	A∩C only
ST1662	7	5	KlebAMRnet|klebpavia+kaspah	A∩C only
ST1679	2	2	KlebAMRnet|klebpavia+kaspah	A∩C only
ST1689	3	3	KlebAMRnet|klebpavia+kaspah	A∩C only
ST1694	3	3	KlebAMRnet|klebpavia+kaspah	A∩C only
ST1726	4	3	KlebAMRnet|klebpavia+kaspah	A∩C only
ST1728	5	2	KlebAMRnet|klebpavia+kaspah	A∩C only
ST1731	5	5	KlebAMRnet|klebpavia+kaspah	A∩C only
ST1750	2	1	KlebAMRnet|klebpavia+kaspah	A∩C only
ST1754	3	2	KlebAMRnet|klebpavia+kaspah	A∩C only
ST176	5	2	KlebAMRnet|klebpavia+kaspah	A∩C only
ST1775	2	2	KlebAMRnet|klebpavia+kaspah	A∩C only
ST180	4	3	KlebAMRnet|klebpavia+kaspah	A∩C only
ST182	5	4	KlebAMRnet|klebpavia+kaspah	A∩C only
ST1832	5	2	KlebAMRnet|klebpavia+kaspah	A∩C only
ST1836	3	1	KlebAMRnet|klebpavia+kaspah	A∩C only
ST185	5	3	KlebAMRnet|klebpavia+kaspah	A∩C only
ST187	12	4	KlebAMRnet|klebpavia+kaspah	A∩C only
ST191	2	2	KlebAMRnet|klebpavia+kaspah	A∩C only
ST192	4	1	KlebAMRnet|klebpavia+kaspah	A∩C only
ST1920	2	1	KlebAMRnet|klebpavia+kaspah	A∩C only
ST193	7	4	KlebAMRnet|klebpavia+kaspah	A∩C only
ST194	6	4	KlebAMRnet|klebpavia+kaspah	A∩C only
ST1948	7	4	KlebAMRnet|klebpavia+kaspah	A∩C only
ST1962	13	5	KlebAMRnet|klebpavia+kaspah	A∩C only
ST1966	9	5	KlebAMRnet|klebpavia+kaspah	A∩C only
ST1967	4	3	KlebAMRnet|klebpavia+kaspah	A∩C only
ST1997	3	3	KlebAMRnet|klebpavia+kaspah	A∩C only
ST1999	5	1	KlebAMRnet|klebpavia+kaspah	A∩C only
ST2	5	3	KlebAMRnet|klebpavia+kaspah	A∩C only
ST202	4	2	KlebAMRnet|klebpavia+kaspah	A∩C only
ST2055	4	2	KlebAMRnet|klebpavia+kaspah	A∩C only
ST2097	4	2	KlebAMRnet|klebpavia+kaspah	A∩C only
ST211	3	2	KlebAMRnet|klebpavia+kaspah	A∩C only
ST2116	3	2	KlebAMRnet|klebpavia+kaspah	A∩C only
ST2136	2	2	KlebAMRnet|klebpavia+kaspah	A∩C only
ST215	13	5	KlebAMRnet|klebpavia+kaspah	A∩C only
ST221	7	4	KlebAMRnet|klebpavia+kaspah	A∩C only
ST2248	3	2	KlebAMRnet|klebpavia+kaspah	A∩C only
ST2267	2	2	KlebAMRnet|klebpavia+kaspah	A∩C only
ST229	4	3	KlebAMRnet|klebpavia+kaspah	A∩C only
ST23	41	6	KlebAMRnet|klebpavia+kaspah	A∩C only
ST230	6	3	KlebAMRnet|klebpavia+kaspah	A∩C only
ST2370	4	4	KlebAMRnet|klebpavia+kaspah	A∩C only
ST24	8	4	KlebAMRnet|klebpavia+kaspah	A∩C only
ST240	7	3	KlebAMRnet|klebpavia+kaspah	A∩C only
ST2406	2	1	KlebAMRnet|klebpavia+kaspah	A∩C only
ST2407	4	3	KlebAMRnet|klebpavia+kaspah	A∩C only
ST2411	2	1	KlebAMRnet|klebpavia+kaspah	A∩C only
ST2415	2	2	KlebAMRnet|klebpavia+kaspah	A∩C only
ST242	3	2	KlebAMRnet|klebpavia+kaspah	A∩C only
ST2426	5	2	KlebAMRnet|klebpavia+kaspah	A∩C only
ST2428	4	1	KlebAMRnet|klebpavia+kaspah	A∩C only
ST2440	2	2	KlebAMRnet|klebpavia+kaspah	A∩C only
ST2445	4	2	KlebAMRnet|klebpavia+kaspah	A∩C only
ST2459	13	5	KlebAMRnet|klebpavia+kaspah	A∩C only
ST247	13	6	KlebAMRnet|klebpavia+kaspah	A∩C only
ST2493	3	1	KlebAMRnet|klebpavia+kaspah	A∩C only
ST2513	5	2	KlebAMRnet|klebpavia+kaspah	A∩C only
ST252	24	5	KlebAMRnet|klebpavia+kaspah	A∩C only
ST253	13	4	KlebAMRnet|klebpavia+kaspah	A∩C only
ST2552	4	3	KlebAMRnet|klebpavia+kaspah	A∩C only
ST258	44	6	KlebAMRnet|klebpavia+kaspah	A∩C only
ST2657	2	1	KlebAMRnet|klebpavia+kaspah	A∩C only
ST2680	2	2	KlebAMRnet|klebpavia+kaspah	A∩C only
ST27	5	3	KlebAMRnet|klebpavia+kaspah	A∩C only
ST2703	8	4	KlebAMRnet|klebpavia+kaspah	A∩C only
ST2715	6	4	KlebAMRnet|klebpavia+kaspah	A∩C only
ST277	13	4	KlebAMRnet|klebpavia+kaspah	A∩C only
ST278	10	3	KlebAMRnet|klebpavia+kaspah	A∩C only
ST281	11	6	KlebAMRnet|klebpavia+kaspah	A∩C only
ST2850	3	3	KlebAMRnet|klebpavia+kaspah	A∩C only
ST2856	3	2	KlebAMRnet|klebpavia+kaspah	A∩C only
ST290	21	5	KlebAMRnet|klebpavia+kaspah	A∩C only
ST2931	2	2	KlebAMRnet|klebpavia+kaspah	A∩C only
ST294	15	5	KlebAMRnet|klebpavia+kaspah	A∩C only
ST299	12	4	KlebAMRnet|klebpavia+kaspah	A∩C only
ST2990	4	3	KlebAMRnet|klebpavia+kaspah	A∩C only
ST2999	1	1	KlebAMRnet|klebpavia+kaspah	A∩C only
ST30	13	5	KlebAMRnet|klebpavia+kaspah	A∩C only
ST301	4	1	KlebAMRnet|klebpavia+kaspah	A∩C only
ST3040	1	1	KlebAMRnet|klebpavia+kaspah	A∩C only
ST3041	4	2	KlebAMRnet|klebpavia+kaspah	A∩C only
ST3042	2	2	KlebAMRnet|klebpavia+kaspah	A∩C only
ST3043	2	2	KlebAMRnet|klebpavia+kaspah	A∩C only
ST3048	4	3	KlebAMRnet|klebpavia+kaspah	A∩C only
ST3049	5	3	KlebAMRnet|klebpavia+kaspah	A∩C only
ST3050	4	4	KlebAMRnet|klebpavia+kaspah	A∩C only
ST3056	2	2	KlebAMRnet|klebpavia+kaspah	A∩C only
ST3057	3	2	KlebAMRnet|klebpavia+kaspah	A∩C only
ST3062	1	1	KlebAMRnet|klebpavia+kaspah	A∩C only
ST3063	2	2	KlebAMRnet|klebpavia+kaspah	A∩C only
ST3064	2	2	KlebAMRnet|klebpavia+kaspah	A∩C only
ST3066	2	2	KlebAMRnet|klebpavia+kaspah	A∩C only
ST3067	3	3	KlebAMRnet|klebpavia+kaspah	A∩C only
ST3068	4	2	KlebAMRnet|klebpavia+kaspah	A∩C only
ST3069	6	3	KlebAMRnet|klebpavia+kaspah	A∩C only
ST3070	2	2	KlebAMRnet|klebpavia+kaspah	A∩C only
ST3071	2	2	KlebAMRnet|klebpavia+kaspah	A∩C only
ST3072	3	3	KlebAMRnet|klebpavia+kaspah	A∩C only
ST3074	2	2	KlebAMRnet|klebpavia+kaspah	A∩C only
ST309	20	5	KlebAMRnet|klebpavia+kaspah	A∩C only
ST3096	2	2	KlebAMRnet|klebpavia+kaspah	A∩C only
ST3098	1	1	KlebAMRnet|klebpavia+kaspah	A∩C only
ST3099	1	1	KlebAMRnet|klebpavia+kaspah	A∩C only
ST310	4	3	KlebAMRnet|klebpavia+kaspah	A∩C only
ST3139	2	1	KlebAMRnet|klebpavia+kaspah	A∩C only
ST314	3	2	KlebAMRnet|klebpavia+kaspah	A∩C only
ST3145	3	2	KlebAMRnet|klebpavia+kaspah	A∩C only
ST3147	3	1	KlebAMRnet|klebpavia+kaspah	A∩C only
ST315	2	2	KlebAMRnet|klebpavia+kaspah	A∩C only
ST3155	6	3	KlebAMRnet|klebpavia+kaspah	A∩C only
ST3161	5	3	KlebAMRnet|klebpavia+kaspah	A∩C only
ST3164	3	1	KlebAMRnet|klebpavia+kaspah	A∩C only
ST3169	2	2	KlebAMRnet|klebpavia+kaspah	A∩C only
ST3172	7	3	KlebAMRnet|klebpavia+kaspah	A∩C only
ST3174	2	2	KlebAMRnet|klebpavia+kaspah	A∩C only
ST321	11	4	KlebAMRnet|klebpavia+kaspah	A∩C only
ST3345	3	3	KlebAMRnet|klebpavia+kaspah	A∩C only
ST345	6	5	KlebAMRnet|klebpavia+kaspah	A∩C only
ST353	17	4	KlebAMRnet|klebpavia+kaspah	A∩C only
ST3586	4	2	KlebAMRnet|klebpavia+kaspah	A∩C only
ST3639	5	2	KlebAMRnet|klebpavia+kaspah	A∩C only
ST3649	2	1	KlebAMRnet|klebpavia+kaspah	A∩C only
ST3655	1	1	KlebAMRnet|klebpavia+kaspah	A∩C only
ST3656	1	1	KlebAMRnet|klebpavia+kaspah	A∩C only
ST3659	3	1	KlebAMRnet|klebpavia+kaspah	A∩C only
ST3660	4	3	KlebAMRnet|klebpavia+kaspah	A∩C only
ST3663	2	2	KlebAMRnet|klebpavia+kaspah	A∩C only
ST370	5	2	KlebAMRnet|klebpavia+kaspah	A∩C only
ST380	13	5	KlebAMRnet|klebpavia+kaspah	A∩C only
ST3827	3	2	KlebAMRnet|klebpavia+kaspah	A∩C only
ST3849	2	2	KlebAMRnet|klebpavia+kaspah	A∩C only
ST398	2	1	KlebAMRnet|klebpavia+kaspah	A∩C only
ST3991	2	2	KlebAMRnet|klebpavia+kaspah	A∩C only
ST4007	7	4	KlebAMRnet|klebpavia+kaspah	A∩C only
ST4087	2	1	KlebAMRnet|klebpavia+kaspah	A∩C only
ST4110	5	3	KlebAMRnet|klebpavia+kaspah	A∩C only
ST412	16	4	KlebAMRnet|klebpavia+kaspah	A∩C only
ST416	9	3	KlebAMRnet|klebpavia+kaspah	A∩C only
ST42	15	5	KlebAMRnet|klebpavia+kaspah	A∩C only
ST423	8	4	KlebAMRnet|klebpavia+kaspah	A∩C only
ST4253	2	1	KlebAMRnet|klebpavia+kaspah	A∩C only
ST4262	2	1	KlebAMRnet|klebpavia+kaspah	A∩C only
ST4267	2	1	KlebAMRnet|klebpavia+kaspah	A∩C only
ST432	15	4	KlebAMRnet|klebpavia+kaspah	A∩C only
ST4336	3	2	KlebAMRnet|klebpavia+kaspah	A∩C only
ST4343	3	2	KlebAMRnet|klebpavia+kaspah	A∩C only
ST4356	2	1	KlebAMRnet|klebpavia+kaspah	A∩C only
ST4387	5	1	KlebAMRnet|klebpavia+kaspah	A∩C only
ST441	22	6	KlebAMRnet|klebpavia+kaspah	A∩C only
ST4427	3	3	KlebAMRnet|klebpavia+kaspah	A∩C only
ST443	6	4	KlebAMRnet|klebpavia+kaspah	A∩C only
ST4434	2	1	KlebAMRnet|klebpavia+kaspah	A∩C only
ST449	11	3	KlebAMRnet|klebpavia+kaspah	A∩C only
ST4553	3	2	KlebAMRnet|klebpavia+kaspah	A∩C only
ST458	9	4	KlebAMRnet|klebpavia+kaspah	A∩C only
ST4584	2	1	KlebAMRnet|klebpavia+kaspah	A∩C only
ST459	3	2	KlebAMRnet|klebpavia+kaspah	A∩C only
ST46	4	2	KlebAMRnet|klebpavia+kaspah	A∩C only
ST461	17	4	KlebAMRnet|klebpavia+kaspah	A∩C only
ST463	5	3	KlebAMRnet|klebpavia+kaspah	A∩C only
ST4642	2	1	KlebAMRnet|klebpavia+kaspah	A∩C only
ST4713	2	1	KlebAMRnet|klebpavia+kaspah	A∩C only
ST4721	3	1	KlebAMRnet|klebpavia+kaspah	A∩C only
ST4725	2	1	KlebAMRnet|klebpavia+kaspah	A∩C only
ST4729	3	2	KlebAMRnet|klebpavia+kaspah	A∩C only
ST4809	2	2	KlebAMRnet|klebpavia+kaspah	A∩C only
ST485	22	6	KlebAMRnet|klebpavia+kaspah	A∩C only
ST4866	3	2	KlebAMRnet|klebpavia+kaspah	A∩C only
ST49	6	3	KlebAMRnet|klebpavia+kaspah	A∩C only
ST496	4	4	KlebAMRnet|klebpavia+kaspah	A∩C only
ST5	6	3	KlebAMRnet|klebpavia+kaspah	A∩C only
ST500	6	3	KlebAMRnet|klebpavia+kaspah	A∩C only
ST504	3	2	KlebAMRnet|klebpavia+kaspah	A∩C only
ST505	4	2	KlebAMRnet|klebpavia+kaspah	A∩C only
ST5078	2	2	KlebAMRnet|klebpavia+kaspah	A∩C only
ST5081	1	1	KlebAMRnet|klebpavia+kaspah	A∩C only
ST5091	1	1	KlebAMRnet|klebpavia+kaspah	A∩C only
ST5093	3	2	KlebAMRnet|klebpavia+kaspah	A∩C only
ST5097	1	1	KlebAMRnet|klebpavia+kaspah	A∩C only
ST5112	3	3	KlebAMRnet|klebpavia+kaspah	A∩C only
ST5115	2	2	KlebAMRnet|klebpavia+kaspah	A∩C only
ST5116	2	2	KlebAMRnet|klebpavia+kaspah	A∩C only
ST5118	2	2	KlebAMRnet|klebpavia+kaspah	A∩C only
ST512	25	5	KlebAMRnet|klebpavia+kaspah	A∩C only
ST5127	2	1	KlebAMRnet|klebpavia+kaspah	A∩C only
ST5128	2	2	KlebAMRnet|klebpavia+kaspah	A∩C only
ST5133	2	2	KlebAMRnet|klebpavia+kaspah	A∩C only
ST5134	2	2	KlebAMRnet|klebpavia+kaspah	A∩C only
ST5136	2	2	KlebAMRnet|klebpavia+kaspah	A∩C only
ST5138	2	2	KlebAMRnet|klebpavia+kaspah	A∩C only
ST5139	2	2	KlebAMRnet|klebpavia+kaspah	A∩C only
ST514	8	4	KlebAMRnet|klebpavia+kaspah	A∩C only
ST5141	2	2	KlebAMRnet|klebpavia+kaspah	A∩C only
ST5142	3	3	KlebAMRnet|klebpavia+kaspah	A∩C only
ST5144	1	1	KlebAMRnet|klebpavia+kaspah	A∩C only
ST5148	1	1	KlebAMRnet|klebpavia+kaspah	A∩C only
ST5149	3	2	KlebAMRnet|klebpavia+kaspah	A∩C only
ST515	12	4	KlebAMRnet|klebpavia+kaspah	A∩C only
ST5154	2	2	KlebAMRnet|klebpavia+kaspah	A∩C only
ST5159	2	1	KlebAMRnet|klebpavia+kaspah	A∩C only
ST5168	2	2	KlebAMRnet|klebpavia+kaspah	A∩C only
ST5172	1	1	KlebAMRnet|klebpavia+kaspah	A∩C only
ST5186	1	1	KlebAMRnet|klebpavia+kaspah	A∩C only
ST5188	2	1	KlebAMRnet|klebpavia+kaspah	A∩C only
ST520	6	3	KlebAMRnet|klebpavia+kaspah	A∩C only
ST525	11	5	KlebAMRnet|klebpavia+kaspah	A∩C only
ST528	11	4	KlebAMRnet|klebpavia+kaspah	A∩C only
ST534	10	4	KlebAMRnet|klebpavia+kaspah	A∩C only
ST556	9	3	KlebAMRnet|klebpavia+kaspah	A∩C only
ST564	3	3	KlebAMRnet|klebpavia+kaspah	A∩C only
ST587	5	4	KlebAMRnet|klebpavia+kaspah	A∩C only
ST589	2	1	KlebAMRnet|klebpavia+kaspah	A∩C only
ST6	14	5	KlebAMRnet|klebpavia+kaspah	A∩C only
ST60	8	6	KlebAMRnet|klebpavia+kaspah	A∩C only
ST603	2	2	KlebAMRnet|klebpavia+kaspah	A∩C only
ST606	3	2	KlebAMRnet|klebpavia+kaspah	A∩C only
ST627	8	3	KlebAMRnet|klebpavia+kaspah	A∩C only
ST629	16	6	KlebAMRnet|klebpavia+kaspah	A∩C only
ST632	2	1	KlebAMRnet|klebpavia+kaspah	A∩C only
ST636	11	4	KlebAMRnet|klebpavia+kaspah	A∩C only
ST643	10	5	KlebAMRnet|klebpavia+kaspah	A∩C only
ST66	10	5	KlebAMRnet|klebpavia+kaspah	A∩C only
ST690	1	1	KlebAMRnet|klebpavia+kaspah	A∩C only
ST719	11	5	KlebAMRnet|klebpavia+kaspah	A∩C only
ST727	5	3	KlebAMRnet|klebpavia+kaspah	A∩C only
ST774	7	3	KlebAMRnet|klebpavia+kaspah	A∩C only
ST784	8	3	KlebAMRnet|klebpavia+kaspah	A∩C only
ST788	13	5	KlebAMRnet|klebpavia+kaspah	A∩C only
ST792	10	4	KlebAMRnet|klebpavia+kaspah	A∩C only
ST827	4	3	KlebAMRnet|klebpavia+kaspah	A∩C only
ST846	8	4	KlebAMRnet|klebpavia+kaspah	A∩C only
ST857	7	2	KlebAMRnet|klebpavia+kaspah	A∩C only
ST866	6	4	KlebAMRnet|klebpavia+kaspah	A∩C only
ST867	6	4	KlebAMRnet|klebpavia+kaspah	A∩C only
ST872	8	5	KlebAMRnet|klebpavia+kaspah	A∩C only
ST876	6	3	KlebAMRnet|klebpavia+kaspah	A∩C only
ST879	2	2	KlebAMRnet|klebpavia+kaspah	A∩C only
ST881	7	5	KlebAMRnet|klebpavia+kaspah	A∩C only
ST883	9	4	KlebAMRnet|klebpavia+kaspah	A∩C only
ST889	10	3	KlebAMRnet|klebpavia+kaspah	A∩C only
ST896	14	5	KlebAMRnet|klebpavia+kaspah	A∩C only
ST966	11	3	KlebAMRnet|klebpavia+kaspah	A∩C only
ST969	3	2	KlebAMRnet|klebpavia+kaspah	A∩C only
ST993	4	3	KlebAMRnet|klebpavia+kaspah	A∩C only
ST1015-2LV	1	1	KlebNNSsero	B unique
ST1121	1	1	KlebNNSsero	B unique
ST1391-1LV	1	1	KlebNNSsero	B unique
ST1425	1	1	KlebNNSsero	B unique
ST1741-1LV	1	1	KlebNNSsero	B unique
ST245-2LV	1	1	KlebNNSsero	B unique
ST297-1LV	1	1	KlebNNSsero	B unique
ST3184	1	1	KlebNNSsero	B unique
ST327-1LV	1	1	KlebNNSsero	B unique
ST3661-3LV	1	1	KlebNNSsero	B unique
ST3719	1	1	KlebNNSsero	B unique
ST3794	1	1	KlebNNSsero	B unique
ST416-2LV	1	1	KlebNNSsero	B unique
ST463-1LV	1	1	KlebNNSsero	B unique
ST5856	1	1	KlebNNSsero	B unique
ST6133	1	1	KlebNNSsero	B unique
ST6774	1	1	KlebNNSsero	B unique
ST6775	1	1	KlebNNSsero	B unique
ST6776	1	1	KlebNNSsero	B unique
ST6777	1	1	KlebNNSsero	B unique
ST6788	1	1	KlebNNSsero	B unique
ST702-1LV	1	1	KlebNNSsero	B unique
ST7081	1	1	KlebNNSsero	B unique
ST103	1	1	klebpavia+kaspah	C unique
ST1311	1	1	klebpavia+kaspah	C unique
ST1818	1	1	klebpavia+kaspah	C unique
ST2239	1	1	klebpavia+kaspah	C unique
ST224	1	1	klebpavia+kaspah	C unique
ST2396	1	1	klebpavia+kaspah	C unique
ST2418	1	1	klebpavia+kaspah	C unique
ST2444	1	1	klebpavia+kaspah	C unique
ST2448	1	1	klebpavia+kaspah	C unique
ST262	1	1	klebpavia+kaspah	C unique
ST2991	1	1	klebpavia+kaspah	C unique
ST2997	1	1	klebpavia+kaspah	C unique
ST2998	1	1	klebpavia+kaspah	C unique
ST3038	1	1	klebpavia+kaspah	C unique
ST3045	1	1	klebpavia+kaspah	C unique
ST3046	1	1	klebpavia+kaspah	C unique
ST3047	1	1	klebpavia+kaspah	C unique
ST3051	1	1	klebpavia+kaspah	C unique
ST3052	1	1	klebpavia+kaspah	C unique
ST3054	1	1	klebpavia+kaspah	C unique
ST3055	1	1	klebpavia+kaspah	C unique
ST3058	1	1	klebpavia+kaspah	C unique
ST3061	1	1	klebpavia+kaspah	C unique
ST3073	1	1	klebpavia+kaspah	C unique
ST3075	1	1	klebpavia+kaspah	C unique
ST3385	1	1	klebpavia+kaspah	C unique
ST3544	1	1	klebpavia+kaspah	C unique
ST3692	2	2	klebpavia+kaspah	C unique
ST3767	1	1	klebpavia+kaspah	C unique
ST4112	1	1	klebpavia+kaspah	C unique
ST4272	1	1	klebpavia+kaspah	C unique
ST4439	1	1	klebpavia+kaspah	C unique
ST4680	1	1	klebpavia+kaspah	C unique
ST4742	1	1	klebpavia+kaspah	C unique
ST4849	1	1	klebpavia+kaspah	C unique
ST4879	1	1	klebpavia+kaspah	C unique
ST4948	1	1	klebpavia+kaspah	C unique
ST5009	1	1	klebpavia+kaspah	C unique
ST5079	1	1	klebpavia+kaspah	C unique
ST5080	1	1	klebpavia+kaspah	C unique
ST5082	1	1	klebpavia+kaspah	C unique
ST5083	1	1	klebpavia+kaspah	C unique
ST5084	1	1	klebpavia+kaspah	C unique
ST5085	1	1	klebpavia+kaspah	C unique
ST5086	1	1	klebpavia+kaspah	C unique
ST5087	1	1	klebpavia+kaspah	C unique
ST5088	1	1	klebpavia+kaspah	C unique
ST5089	1	1	klebpavia+kaspah	C unique
ST5090	1	1	klebpavia+kaspah	C unique
ST5092	1	1	klebpavia+kaspah	C unique
ST5094	1	1	klebpavia+kaspah	C unique
ST5095	1	1	klebpavia+kaspah	C unique
ST5096	1	1	klebpavia+kaspah	C unique
ST5098	1	1	klebpavia+kaspah	C unique
ST5099	1	1	klebpavia+kaspah	C unique
ST5100	1	1	klebpavia+kaspah	C unique
ST5101	1	1	klebpavia+kaspah	C unique
ST5102	1	1	klebpavia+kaspah	C unique
ST5103	1	1	klebpavia+kaspah	C unique
ST5104	1	1	klebpavia+kaspah	C unique
ST5105	1	1	klebpavia+kaspah	C unique
ST5106	1	1	klebpavia+kaspah	C unique
ST5107	1	1	klebpavia+kaspah	C unique
ST5108	1	1	klebpavia+kaspah	C unique
ST5109	1	1	klebpavia+kaspah	C unique
ST5110	1	1	klebpavia+kaspah	C unique
ST5111	1	1	klebpavia+kaspah	C unique
ST5113	1	1	klebpavia+kaspah	C unique
ST5114	1	1	klebpavia+kaspah	C unique
ST5117	1	1	klebpavia+kaspah	C unique
ST5119	1	1	klebpavia+kaspah	C unique
ST5120	1	1	klebpavia+kaspah	C unique
ST5121	1	1	klebpavia+kaspah	C unique
ST5122	1	1	klebpavia+kaspah	C unique
ST5123	1	1	klebpavia+kaspah	C unique
ST5124	1	1	klebpavia+kaspah	C unique
ST5125	1	1	klebpavia+kaspah	C unique
ST5126	1	1	klebpavia+kaspah	C unique
ST5129	1	1	klebpavia+kaspah	C unique
ST5130	1	1	klebpavia+kaspah	C unique
ST5131	1	1	klebpavia+kaspah	C unique
ST5132	1	1	klebpavia+kaspah	C unique
ST5135	1	1	klebpavia+kaspah	C unique
ST5137	1	1	klebpavia+kaspah	C unique
ST5140	1	1	klebpavia+kaspah	C unique
ST5143	1	1	klebpavia+kaspah	C unique
ST5145	1	1	klebpavia+kaspah	C unique
ST5146	1	1	klebpavia+kaspah	C unique
ST5147	1	1	klebpavia+kaspah	C unique
ST5150	1	1	klebpavia+kaspah	C unique
ST5151	1	1	klebpavia+kaspah	C unique
ST5152	1	1	klebpavia+kaspah	C unique
ST5153	1	1	klebpavia+kaspah	C unique
ST5155	1	1	klebpavia+kaspah	C unique
ST5156	1	1	klebpavia+kaspah	C unique
ST5157	1	1	klebpavia+kaspah	C unique
ST5158	1	1	klebpavia+kaspah	C unique
ST5160	1	1	klebpavia+kaspah	C unique
ST5161	1	1	klebpavia+kaspah	C unique
ST5162	1	1	klebpavia+kaspah	C unique
ST5163	1	1	klebpavia+kaspah	C unique
ST5164	1	1	klebpavia+kaspah	C unique
ST5165	1	1	klebpavia+kaspah	C unique
ST5166	1	1	klebpavia+kaspah	C unique
ST5167	1	1	klebpavia+kaspah	C unique
ST5169	1	1	klebpavia+kaspah	C unique
ST5170	1	1	klebpavia+kaspah	C unique
ST5171	1	1	klebpavia+kaspah	C unique
ST5173	1	1	klebpavia+kaspah	C unique
ST5174	1	1	klebpavia+kaspah	C unique
ST5175	1	1	klebpavia+kaspah	C unique
ST5176	1	1	klebpavia+kaspah	C unique
ST5177	1	1	klebpavia+kaspah	C unique
ST5178	1	1	klebpavia+kaspah	C unique
ST5179	1	1	klebpavia+kaspah	C unique
ST5180	1	1	klebpavia+kaspah	C unique
ST5181	1	1	klebpavia+kaspah	C unique
ST5182	1	1	klebpavia+kaspah	C unique
ST5183	1	1	klebpavia+kaspah	C unique
ST5184	1	1	klebpavia+kaspah	C unique
ST5185	1	1	klebpavia+kaspah	C unique
ST5187	1	1	klebpavia+kaspah	C unique
ST5189	1	1	klebpavia+kaspah	C unique
ST524	1	1	klebpavia+kaspah	C unique
ST537	1	1	klebpavia+kaspah	C unique
ST558	1	1	klebpavia+kaspah	C unique
ST5871	1	1	klebpavia+kaspah	C unique
ST634	1	1	klebpavia+kaspah	C unique
ST676	1	1	klebpavia+kaspah	C unique
ST6934	1	1	klebpavia+kaspah	C unique
ST6935	1	1	klebpavia+kaspah	C unique
ST6936	1	1	klebpavia+kaspah	C unique
ST6937	1	1	klebpavia+kaspah	C unique
ST9	1	1	klebpavia+kaspah	C unique
ST91 (subsp. ozaenae)	1	1	klebpavia+kaspah	C unique
ST93 (subsp. ozaenae)	1	1	klebpavia+kaspah	C unique
ST992	1	1	klebpavia+kaspah	C unique
