query	target	evalue	pident	bitscore	qlen	qstart	qend	slen	sstart	send	qcov	scov	query-target	coverage	coverage_interval	pident_interval	interaction
2_248_38_KL46	22_245_48_HOST_KL55	1.9099999999999998e-137	42.042	412.0	693.0	121.0	688.0	655.0	82.0	653.0	0.82	0.87	22_245_48_HOST_KL55-2_248_38_KL46	82.0	high (80-100)		A
3_1723_59_KL60	4_1724_71_KL60	0.0	92.308	1367.0	951.0	223.0	949.0	843.0	117.0	841.0	0.76	0.86	3_1723_59_KL60-4_1724_71_KL60	76.0	medium (50-80)		A
3_1723_59_KL60	127_PC0871_KL60	0.0	78.221	1048.0	951.0	300.0	951.0	652.0	1.0	652.0	0.69	1.0	127_PC0871_KL60-3_1723_59_KL60	69.0	medium (50-80)		A
3_1723_59_KL60	130_PC0772_KL64	1.0500000000000001e-58	25.791	211.0	951.0	1.0	950.0	880.0	1.0	878.0	1.0	1.0	130_PC0772_KL64-3_1723_59_KL60	100.0	high (80-100)		A
3_1723_59_KL60	7_1091_44_KL64	1.1800000000000001e-58	25.791	210.0	951.0	1.0	950.0	880.0	1.0	878.0	1.0	1.0	3_1723_59_KL60-7_1091_44_KL64	100.0	high (80-100)		A
3_1723_59_KL60	8_1343_36_HOST_KL64	4.9699999999999997e-54	26.52	196.0	951.0	225.0	950.0	795.0	60.0	793.0	0.76	0.92	3_1723_59_KL60-8_1343_36_HOST_KL64	76.0	medium (50-80)		A
3_1723_59_KL60	97_BBF66868_1_KL56	1.38e-21	23.923	94.0	951.0	306.0	941.0	678.0	35.0	673.0	0.67	0.94	3_1723_59_KL60-97_BBF66868_1_KL56	67.0	medium (50-80)		A
4_1724_71_KL60	127_PC0871_KL60	0.0	78.495	1053.0	843.0	192.0	842.0	652.0	1.0	651.0	0.77	1.0	127_PC0871_KL60-4_1724_71_KL60	77.0	medium (50-80)		A
4_1724_71_KL60	8_1343_36_HOST_KL64	2.28e-43	25.718	162.0	843.0	180.0	833.0	795.0	121.0	781.0	0.78	0.83	4_1724_71_KL60-8_1343_36_HOST_KL64	78.0	medium (50-80)		A
4_1724_71_KL60	7_1091_44_KL64	3.15e-42	25.889	159.0	843.0	183.0	833.0	880.0	209.0	866.0	0.77	0.75	4_1724_71_KL60-7_1091_44_KL64	75.0	medium (50-80)		A
4_1724_71_KL60	130_PC0772_KL64	3.5999999999999996e-42	25.889	159.0	843.0	183.0	833.0	880.0	209.0	866.0	0.77	0.75	130_PC0772_KL64-4_1724_71_KL60	75.0	medium (50-80)		A
4_1724_71_KL60	97_BBF66868_1_KL56	2.51e-21	23.707	92.8	843.0	173.0	833.0	678.0	16.0	673.0	0.78	0.97	4_1724_71_KL60-97_BBF66868_1_KL56	78.0	medium (50-80)		A
5_617_77_KL38	126_PC0854_KL38	0.0	100.0	2604.0	1258.0	1.0	1258.0	1258.0	1.0	1258.0	1.0	1.0	126_PC0854_KL38-5_617_77_KL38	100.0	high (80-100)		A
5_617_77_KL38	88_UCR74083_1_KL27	0.0	36.636	593.0	1258.0	172.0	1234.0	1294.0	190.0	1267.0	0.84	0.83	5_617_77_KL38-88_UCR74083_1_KL27	83.0	high (80-100)		A
5_617_77_KL38	109_BAN78446_1_KN2	3.34e-174	35.04	543.0	1258.0	165.0	1250.0	1245.0	181.0	1243.0	0.86	0.85	109_BAN78446_1_KN2-5_617_77_KL38	85.0	high (80-100)		A
6_914_74_KL62	128_PC0671_KL62	0.0	96.512	1022.0	666.0	151.0	666.0	516.0	1.0	516.0	0.77	1.0	128_PC0671_KL62-6_914_74_KL62	77.0	medium (50-80)		A
6_914_74_KL62	101_WOK01638_1_KL62	2.7e-148	47.269	441.0	666.0	135.0	664.0	692.0	165.0	691.0	0.8	0.76	101_WOK01638_1_KL62-6_914_74_KL62	76.0	medium (50-80)		A
6_914_74_KL62	53_0391_11_KL62	9.090000000000001e-125	46.121	384.0	666.0	81.0	541.0	839.0	173.0	636.0	0.69	0.55	53_0391_11_KL62-6_914_74_KL62	55.00000000000001	medium (50-80)		A
6_914_74_KL62	129_PC0619_KL62	5.23e-120	45.69	372.0	666.0	81.0	541.0	837.0	171.0	634.0	0.69	0.55	129_PC0619_KL62-6_914_74_KL62	55.00000000000001	medium (50-80)		A
6_914_74_KL62	51_0367_12_KL62	8.89e-120	45.69	371.0	666.0	81.0	541.0	851.0	185.0	648.0	0.69	0.55	51_0367_12_KL62-6_914_74_KL62	55.00000000000001	medium (50-80)		A
7_1091_44_KL64	130_PC0772_KL64	0.0	99.773	1791.0	880.0	1.0	880.0	880.0	1.0	880.0	1.0	1.0	130_PC0772_KL64-7_1091_44_KL64	100.0	high (80-100)		A
7_1091_44_KL64	8_1343_36_HOST_KL64	0.0	95.729	1350.0	880.0	202.0	880.0	795.0	117.0	795.0	0.77	0.85	7_1091_44_KL64-8_1343_36_HOST_KL64	77.0	medium (50-80)		A
7_1091_44_KL64	97_BBF66868_1_KL56	1.62e-35	25.893	137.0	880.0	225.0	868.0	678.0	36.0	675.0	0.73	0.94	7_1091_44_KL64-97_BBF66868_1_KL56	73.0	medium (50-80)		A
7_1091_44_KL64	127_PC0871_KL60	4.98e-33	25.888	129.0	880.0	219.0	780.0	652.0	2.0	558.0	0.64	0.85	127_PC0871_KL60-7_1091_44_KL64	64.0	medium (50-80)		A
8_1343_36_HOST_KL64	130_PC0772_KL64	0.0	95.582	1348.0	795.0	117.0	795.0	880.0	202.0	880.0	0.85	0.77	130_PC0772_KL64-8_1343_36_HOST_KL64	77.0	medium (50-80)		A
8_1343_36_HOST_KL64	97_BBF66868_1_KL56	8.32e-38	26.588	144.0	795.0	140.0	783.0	678.0	36.0	675.0	0.81	0.94	8_1343_36_HOST_KL64-97_BBF66868_1_KL56	81.0	high (80-100)		A
8_1343_36_HOST_KL64	127_PC0871_KL60	1.48e-32	25.17	127.0	795.0	134.0	695.0	652.0	2.0	558.0	0.71	0.85	127_PC0871_KL60-8_1343_36_HOST_KL64	71.0	medium (50-80)		A
9_321_71_HOST_KL127	10_914_77_KL32	0.0	99.067	1084.0	690.0	155.0	690.0	536.0	1.0	536.0	0.78	1.0	10_914_77_KL32-9_321_71_HOST_KL127	78.0	medium (50-80)		A
11_319_37_KL127	12_321_74_HOST_KL127	0.0	97.134	1331.0	794.0	132.0	794.0	663.0	1.0	663.0	0.84	1.0	11_319_37_KL127-12_321_74_HOST_KL127	84.0	high (80-100)		A
11_319_37_KL127	144_PC0692_KL127	0.0	91.047	1328.0	794.0	76.0	794.0	813.0	90.0	813.0	0.91	0.89	11_319_37_KL127-144_PC0692_KL127	89.0	high (80-100)		A
11_319_37_KL127	145_PC1803_KL127	0.0	98.927	952.0	794.0	1.0	466.0	466.0	1.0	466.0	0.59	1.0	11_319_37_KL127-145_PC1803_KL127	59.0	medium (50-80)		A
11_319_37_KL127	143_PC0959_KL127	0.0	74.751	945.0	794.0	123.0	724.0	665.0	67.0	665.0	0.76	0.9	11_319_37_KL127-143_PC0959_KL127	76.0	medium (50-80)		A
12_321_74_HOST_KL127	144_PC0692_KL127	0.0	95.928	1313.0	663.0	1.0	663.0	813.0	151.0	813.0	1.0	0.82	12_321_74_HOST_KL127-144_PC0692_KL127	82.0	high (80-100)		A
12_321_74_HOST_KL127	143_PC0959_KL127	0.0	77.663	947.0	663.0	12.0	593.0	665.0	87.0	665.0	0.88	0.87	12_321_74_HOST_KL127-143_PC0959_KL127	87.0	high (80-100)		A
12_321_74_HOST_KL127	145_PC1803_KL127	0.0	96.418	675.0	663.0	1.0	335.0	466.0	132.0	466.0	0.51	0.72	12_321_74_HOST_KL127-145_PC1803_KL127	51.0	medium (50-80)		A
18_666_83_HOST_KL116	19_1668_52_HOST_KL2	0.0	91.132	975.0	773.0	244.0	773.0	530.0	2.0	530.0	0.69	1.0	18_666_83_HOST_KL116-19_1668_52_HOST_KL2	69.0	medium (50-80)		A
20_1057_41_HOST_KL25	138_PC0538_KL25	0.0	95.13	1135.0	578.0	4.0	578.0	574.0	1.0	574.0	0.99	1.0	138_PC0538_KL25-20_1057_41_HOST_KL25	99.0	high (80-100)		A
20_1057_41_HOST_KL25	87_YP_009153199_1_KL25	4.55e-99	34.483	307.0	578.0	47.0	576.0	584.0	43.0	582.0	0.92	0.92	20_1057_41_HOST_KL25-87_YP_009153199_1_KL25	92.0	high (80-100)		A
20_1057_41_HOST_KL25	135_PC1712_KL22	6.54e-97	36.312	302.0	578.0	65.0	576.0	603.0	82.0	602.0	0.89	0.86	135_PC1712_KL22-20_1057_41_HOST_KL25	86.0	high (80-100)		A
20_1057_41_HOST_KL25	57_184_43_KL111	2.98e-79	33.278	256.0	578.0	18.0	553.0	639.0	16.0	614.0	0.93	0.94	20_1057_41_HOST_KL25-57_184_43_KL111	93.0	high (80-100)		A
20_1057_41_HOST_KL25	131_PC0692_KL111	2.02e-78	33.058	254.0	578.0	12.0	553.0	634.0	10.0	609.0	0.94	0.95	131_PC0692_KL111-20_1057_41_HOST_KL25	94.0	high (80-100)		A
20_1057_41_HOST_KL25	36_1855_60_HOST_KL25	5.24e-76	37.391	244.0	578.0	105.0	553.0	503.0	24.0	478.0	0.78	0.9	20_1057_41_HOST_KL25-36_1855_60_HOST_KL25	78.0	medium (50-80)		A
20_1057_41_HOST_KL25	23_279_60_HOST_KL25	6.21e-70	34.879	228.0	578.0	93.0	572.0	504.0	15.0	497.0	0.83	0.96	20_1057_41_HOST_KL25-23_279_60_HOST_KL25	83.0	high (80-100)		A
20_1057_41_HOST_KL25	124_PC1605_KL25	1.5e-69	35.808	233.0	578.0	105.0	553.0	803.0	326.0	778.0	0.78	0.56	124_PC1605_KL25-20_1057_41_HOST_KL25	56.00000000000001	medium (50-80)		A
21_1723_62_HOST_KL60	79_YP_009153197_1_KL11	5.84e-56	29.421	196.0	629.0	1.0	625.0	702.0	108.0	700.0	0.99	0.84	21_1723_62_HOST_KL60-79_YP_009153197_1_KL11	84.0	high (80-100)		A
21_1723_62_HOST_KL60	127_PC0871_KL60	7.33e-13	24.932	64.7	629.0	1.0	342.0	652.0	2.0	348.0	0.54	0.53	127_PC0871_KL60-21_1723_62_HOST_KL60	53.0	medium (50-80)		A
22_245_48_HOST_KL55	54_0496_72_KL122	2.06e-05	21.583	41.2	655.0	10.0	508.0	968.0	144.0	675.0	0.76	0.55	22_245_48_HOST_KL55-54_0496_72_KL122	55.00000000000001	medium (50-80)		A
22_245_48_HOST_KL55	142_PC1357_KL122	2.17e-05	21.583	40.8	655.0	10.0	508.0	967.0	143.0	674.0	0.76	0.55	142_PC1357_KL122-22_245_48_HOST_KL55	55.00000000000001	medium (50-80)		A
23_279_60_HOST_KL25	135_PC1712_KL22	1.8e-77	36.595	248.0	504.0	10.0	500.0	603.0	102.0	601.0	0.97	0.83	135_PC1712_KL22-23_279_60_HOST_KL25	83.0	high (80-100)		A
23_279_60_HOST_KL25	87_YP_009153199_1_KL25	1.28e-72	35.976	235.0	504.0	17.0	496.0	584.0	103.0	577.0	0.95	0.81	23_279_60_HOST_KL25-87_YP_009153199_1_KL25	81.0	high (80-100)		A
23_279_60_HOST_KL25	138_PC0538_KL25	4.21e-70	34.879	228.0	504.0	15.0	497.0	574.0	90.0	568.0	0.96	0.83	138_PC0538_KL25-23_279_60_HOST_KL25	83.0	high (80-100)		A
23_279_60_HOST_KL25	36_1855_60_HOST_KL25	1.15e-64	34.961	212.0	504.0	10.0	501.0	503.0	8.0	501.0	0.98	0.98	23_279_60_HOST_KL25-36_1855_60_HOST_KL25	98.0	high (80-100)		A
23_279_60_HOST_KL25	131_PC0692_KL111	1.3099999999999999e-61	34.57	207.0	504.0	10.0	501.0	634.0	139.0	632.0	0.98	0.78	131_PC0692_KL111-23_279_60_HOST_KL25	78.0	medium (50-80)		A
23_279_60_HOST_KL25	57_184_43_KL111	2.05e-61	34.51	206.0	504.0	12.0	501.0	639.0	146.0	637.0	0.97	0.77	23_279_60_HOST_KL25-57_184_43_KL111	77.0	medium (50-80)		A
23_279_60_HOST_KL25	124_PC1605_KL25	1.44e-48	32.353	173.0	504.0	12.0	501.0	803.0	312.0	801.0	0.97	0.61	124_PC1605_KL25-23_279_60_HOST_KL25	61.0	medium (50-80)		A
24_1668_49_HOST_KL2	137_PC1397_KL24	0.0	72.269	1077.0	702.0	1.0	702.0	707.0	1.0	707.0	1.0	1.0	137_PC1397_KL24-24_1668_49_HOST_KL2	100.0	high (80-100)		A
24_1668_49_HOST_KL2	136_PC0406_KL24	7.599999999999999e-138	43.813	418.0	702.0	116.0	702.0	803.0	221.0	803.0	0.84	0.73	136_PC0406_KL24-24_1668_49_HOST_KL2	73.0	medium (50-80)		A
24_1668_49_HOST_KL2	56_391_03_KL3	4.2e-97	33.188	310.0	702.0	37.0	702.0	736.0	68.0	736.0	0.95	0.91	24_1668_49_HOST_KL2-56_391_03_KL3	91.0	high (80-100)		A
24_1668_49_HOST_KL2	120_PC0449_KL3	4.1999999999999997e-94	32.606	301.0	702.0	37.0	702.0	736.0	68.0	736.0	0.95	0.91	120_PC0449_KL3-24_1668_49_HOST_KL2	91.0	high (80-100)		A
24_1668_49_HOST_KL2	26_1190_71_HOST_KL28	2.31e-51	28.302	184.0	702.0	44.0	702.0	695.0	58.0	694.0	0.94	0.92	24_1668_49_HOST_KL2-26_1190_71_HOST_KL28	92.0	high (80-100)		A
24_1668_49_HOST_KL2	29_1406_54_HOST_KL28	9.13e-51	28.639	182.0	702.0	44.0	645.0	695.0	58.0	642.0	0.86	0.84	24_1668_49_HOST_KL2-29_1406_54_HOST_KL28	84.0	high (80-100)		A
24_1668_49_HOST_KL2	28_1251_37_KL28	1.7800000000000001e-43	27.213	160.0	702.0	1.0	582.0	677.0	1.0	575.0	0.83	0.85	24_1668_49_HOST_KL2-28_1251_37_KL28	83.0	high (80-100)		A
24_1668_49_HOST_KL2	125_PC0279_KL28	4.8300000000000004e-36	25.92	138.0	702.0	48.0	702.0	698.0	68.0	697.0	0.93	0.9	125_PC0279_KL28-24_1668_49_HOST_KL2	90.0	high (80-100)		A
24_1668_49_HOST_KL2	32_1344_72_HOST_KL64	8.08e-36	26.56	137.0	702.0	48.0	645.0	698.0	68.0	645.0	0.85	0.83	24_1668_49_HOST_KL2-32_1344_72_HOST_KL64	83.0	high (80-100)		A
24_1668_49_HOST_KL2	31_876_57_HOST_KL28	3.12e-34	26.904	133.0	702.0	12.0	578.0	850.0	206.0	738.0	0.81	0.63	24_1668_49_HOST_KL2-31_876_57_HOST_KL28	63.0	medium (50-80)		A
24_1668_49_HOST_KL2	30_1409_62_HOST_KL28	7.31e-26	26.596	105.0	702.0	129.0	578.0	550.0	1.0	438.0	0.64	0.8	24_1668_49_HOST_KL2-30_1409_62_HOST_KL28	64.0	medium (50-80)		A
24_1668_49_HOST_KL2	27_1248_60_HOST_KL28	1.1699999999999998e-23	23.913	99.0	702.0	129.0	702.0	546.0	1.0	545.0	0.82	1.0	24_1668_49_HOST_KL2-27_1248_60_HOST_KL28	82.0	high (80-100)		A
25_1863_75_HOST_KL7	132_PC0551_KL7	0.0	100.0	1918.0	927.0	1.0	927.0	927.0	1.0	927.0	1.0	1.0	132_PC0551_KL7-25_1863_75_HOST_KL7	100.0	high (80-100)		A
25_1863_75_HOST_KL7	58_145_08_HOST_KL10	0.0	49.156	825.0	927.0	1.0	926.0	935.0	1.0	934.0	1.0	1.0	25_1863_75_HOST_KL7-58_145_08_HOST_KL10	100.0	high (80-100)		A
25_1863_75_HOST_KL7	122_PC0844_KL10	0.0	43.316	675.0	927.0	12.0	926.0	929.0	4.0	928.0	0.99	1.0	122_PC0844_KL10-25_1863_75_HOST_KL7	99.0	high (80-100)		A
25_1863_75_HOST_KL7	37_1630_70_HOST_KL10	0.0	43.316	675.0	927.0	12.0	926.0	929.0	4.0	928.0	0.99	1.0	25_1863_75_HOST_KL7-37_1630_70_HOST_KL10	99.0	high (80-100)		A
26_1190_71_HOST_KL28	29_1406_54_HOST_KL28	0.0	88.633	1285.0	695.0	1.0	695.0	695.0	1.0	695.0	1.0	1.0	26_1190_71_HOST_KL28-29_1406_54_HOST_KL28	100.0	high (80-100)		A
26_1190_71_HOST_KL28	125_PC0279_KL28	0.0	74.02	1017.0	695.0	12.0	695.0	698.0	15.0	698.0	0.98	0.98	125_PC0279_KL28-26_1190_71_HOST_KL28	98.0	high (80-100)		A
26_1190_71_HOST_KL28	32_1344_72_HOST_KL64	0.0	73.585	1012.0	695.0	12.0	695.0	698.0	15.0	698.0	0.98	0.98	26_1190_71_HOST_KL28-32_1344_72_HOST_KL64	98.0	high (80-100)		A
26_1190_71_HOST_KL28	28_1251_37_KL28	0.0	77.814	991.0	695.0	75.0	695.0	677.0	63.0	677.0	0.89	0.91	26_1190_71_HOST_KL28-28_1251_37_KL28	89.0	high (80-100)		A
26_1190_71_HOST_KL28	31_876_57_HOST_KL28	0.0	76.115	978.0	695.0	75.0	695.0	850.0	228.0	850.0	0.89	0.73	26_1190_71_HOST_KL28-31_876_57_HOST_KL28	73.0	medium (50-80)		A
26_1190_71_HOST_KL28	27_1248_60_HOST_KL28	0.0	84.799	978.0	695.0	150.0	695.0	546.0	1.0	546.0	0.79	1.0	26_1190_71_HOST_KL28-27_1248_60_HOST_KL28	79.0	medium (50-80)		A
26_1190_71_HOST_KL28	30_1409_62_HOST_KL28	0.0	82.0	939.0	695.0	150.0	695.0	550.0	1.0	550.0	0.79	1.0	26_1190_71_HOST_KL28-30_1409_62_HOST_KL28	79.0	medium (50-80)		A
26_1190_71_HOST_KL28	137_PC1397_KL24	5.89e-35	26.165	135.0	695.0	87.0	694.0	707.0	76.0	707.0	0.87	0.89	137_PC1397_KL24-26_1190_71_HOST_KL28	87.0	high (80-100)		A
26_1190_71_HOST_KL28	56_391_03_KL3	1.2200000000000002e-27	26.295	112.0	695.0	12.0	691.0	736.0	15.0	735.0	0.98	0.98	26_1190_71_HOST_KL28-56_391_03_KL3	98.0	high (80-100)		A
26_1190_71_HOST_KL28	120_PC0449_KL3	4.9200000000000004e-26	26.049	107.0	695.0	12.0	645.0	736.0	15.0	671.0	0.91	0.89	120_PC0449_KL3-26_1190_71_HOST_KL28	89.0	high (80-100)		A
26_1190_71_HOST_KL28	136_PC0406_KL24	2.62e-25	26.412	105.0	695.0	137.0	648.0	803.0	221.0	735.0	0.74	0.64	136_PC0406_KL24-26_1190_71_HOST_KL28	64.0	medium (50-80)		A
27_1248_60_HOST_KL28	29_1406_54_HOST_KL28	0.0	93.956	1070.0	546.0	1.0	546.0	695.0	150.0	695.0	1.0	0.79	27_1248_60_HOST_KL28-29_1406_54_HOST_KL28	79.0	medium (50-80)		A
27_1248_60_HOST_KL28	32_1344_72_HOST_KL64	0.0	92.857	1060.0	546.0	1.0	546.0	698.0	153.0	698.0	1.0	0.78	27_1248_60_HOST_KL28-32_1344_72_HOST_KL64	78.0	medium (50-80)		A
27_1248_60_HOST_KL28	125_PC0279_KL28	0.0	92.125	1045.0	546.0	1.0	546.0	698.0	153.0	698.0	1.0	0.78	125_PC0279_KL28-27_1248_60_HOST_KL28	78.0	medium (50-80)		A
27_1248_60_HOST_KL28	30_1409_62_HOST_KL28	0.0	91.636	1043.0	546.0	1.0	546.0	550.0	1.0	550.0	1.0	1.0	27_1248_60_HOST_KL28-30_1409_62_HOST_KL28	100.0	high (80-100)		A
27_1248_60_HOST_KL28	31_876_57_HOST_KL28	0.0	91.636	1043.0	546.0	1.0	546.0	850.0	301.0	850.0	1.0	0.65	27_1248_60_HOST_KL28-31_876_57_HOST_KL28	65.0	medium (50-80)		A
27_1248_60_HOST_KL28	28_1251_37_KL28	0.0	71.245	832.0	546.0	1.0	546.0	677.0	134.0	677.0	1.0	0.8	27_1248_60_HOST_KL28-28_1251_37_KL28	80.0	high (80-100)		A
27_1248_60_HOST_KL28	136_PC0406_KL24	3.3100000000000003e-21	25.607	91.3	546.0	1.0	499.0	803.0	234.0	735.0	0.91	0.63	136_PC0406_KL24-27_1248_60_HOST_KL28	63.0	medium (50-80)		A
27_1248_60_HOST_KL28	137_PC1397_KL24	4.350000000000001e-21	22.766	90.5	546.0	1.0	545.0	707.0	134.0	707.0	1.0	0.81	137_PC1397_KL24-27_1248_60_HOST_KL28	81.0	high (80-100)		A
27_1248_60_HOST_KL28	56_391_03_KL3	7.08e-19	26.03	83.6	546.0	1.0	496.0	736.0	164.0	671.0	0.91	0.69	27_1248_60_HOST_KL28-56_391_03_KL3	69.0	medium (50-80)		A
27_1248_60_HOST_KL28	120_PC0449_KL3	1.35e-17	25.338	79.7	546.0	1.0	481.0	736.0	164.0	660.0	0.88	0.68	120_PC0449_KL3-27_1248_60_HOST_KL28	68.0	medium (50-80)		A
28_1251_37_KL28	31_876_57_HOST_KL28	0.0	67.675	875.0	677.0	60.0	677.0	850.0	225.0	850.0	0.91	0.74	28_1251_37_KL28-31_876_57_HOST_KL28	74.0	medium (50-80)		A
28_1251_37_KL28	29_1406_54_HOST_KL28	0.0	66.397	858.0	677.0	66.0	677.0	695.0	78.0	695.0	0.9	0.89	28_1251_37_KL28-29_1406_54_HOST_KL28	89.0	high (80-100)		A
28_1251_37_KL28	125_PC0279_KL28	0.0	64.275	845.0	677.0	47.0	677.0	698.0	64.0	698.0	0.93	0.91	125_PC0279_KL28-28_1251_37_KL28	91.0	high (80-100)		A
28_1251_37_KL28	32_1344_72_HOST_KL64	0.0	70.304	835.0	677.0	121.0	677.0	698.0	140.0	698.0	0.82	0.8	28_1251_37_KL28-32_1344_72_HOST_KL64	80.0	high (80-100)		A
28_1251_37_KL28	30_1409_62_HOST_KL28	0.0	71.273	824.0	677.0	134.0	677.0	550.0	1.0	550.0	0.8	1.0	28_1251_37_KL28-30_1409_62_HOST_KL28	80.0	high (80-100)		A
28_1251_37_KL28	137_PC1397_KL24	5.8e-92	35.843	295.0	677.0	1.0	575.0	707.0	1.0	587.0	0.85	0.83	137_PC1397_KL24-28_1251_37_KL28	83.0	high (80-100)		A
28_1251_37_KL28	56_391_03_KL3	5.72e-28	27.706	113.0	677.0	88.0	584.0	736.0	111.0	629.0	0.73	0.71	28_1251_37_KL28-56_391_03_KL3	71.0	medium (50-80)		A
28_1251_37_KL28	120_PC0449_KL3	1.99e-26	27.477	108.0	677.0	88.0	577.0	736.0	111.0	619.0	0.72	0.69	120_PC0449_KL3-28_1251_37_KL28	69.0	medium (50-80)		A
28_1251_37_KL28	136_PC0406_KL24	3.73e-24	26.691	101.0	677.0	124.0	634.0	803.0	224.0	751.0	0.75	0.66	136_PC0406_KL24-28_1251_37_KL28	66.0	medium (50-80)		A
29_1406_54_HOST_KL28	32_1344_72_HOST_KL64	0.0	82.148	1119.0	695.0	12.0	695.0	698.0	15.0	698.0	0.98	0.98	29_1406_54_HOST_KL28-32_1344_72_HOST_KL64	98.0	high (80-100)		A
29_1406_54_HOST_KL28	31_876_57_HOST_KL28	0.0	88.217	1115.0	695.0	75.0	695.0	850.0	228.0	850.0	0.89	0.73	29_1406_54_HOST_KL28-31_876_57_HOST_KL28	73.0	medium (50-80)		A
29_1406_54_HOST_KL28	125_PC0279_KL28	0.0	81.858	1112.0	695.0	12.0	695.0	698.0	15.0	698.0	0.98	0.98	125_PC0279_KL28-29_1406_54_HOST_KL28	98.0	high (80-100)		A
29_1406_54_HOST_KL28	30_1409_62_HOST_KL28	0.0	95.818	1078.0	695.0	150.0	695.0	550.0	1.0	550.0	0.79	1.0	29_1406_54_HOST_KL28-30_1409_62_HOST_KL28	79.0	medium (50-80)		A
29_1406_54_HOST_KL28	137_PC1397_KL24	8.38e-32	24.468	125.0	695.0	87.0	694.0	707.0	76.0	707.0	0.87	0.89	137_PC1397_KL24-29_1406_54_HOST_KL28	87.0	high (80-100)		A
29_1406_54_HOST_KL28	56_391_03_KL3	6.26e-25	26.263	103.0	695.0	12.0	645.0	736.0	15.0	671.0	0.91	0.89	29_1406_54_HOST_KL28-56_391_03_KL3	89.0	high (80-100)		A
29_1406_54_HOST_KL28	120_PC0449_KL3	7.429999999999999e-23	25.037	97.1	695.0	12.0	630.0	736.0	15.0	660.0	0.89	0.88	120_PC0449_KL3-29_1406_54_HOST_KL28	88.0	high (80-100)		A
29_1406_54_HOST_KL28	136_PC0406_KL24	2.61e-22	25.59	95.5	695.0	137.0	648.0	803.0	221.0	735.0	0.74	0.64	136_PC0406_KL24-29_1406_54_HOST_KL28	64.0	medium (50-80)		A
30_1409_62_HOST_KL28	31_876_57_HOST_KL28	0.0	100.0	1126.0	550.0	1.0	550.0	850.0	301.0	850.0	1.0	0.65	30_1409_62_HOST_KL28-31_876_57_HOST_KL28	65.0	medium (50-80)		A
30_1409_62_HOST_KL28	32_1344_72_HOST_KL64	0.0	91.818	1040.0	550.0	1.0	550.0	698.0	153.0	698.0	1.0	0.78	30_1409_62_HOST_KL28-32_1344_72_HOST_KL64	78.0	medium (50-80)		A
30_1409_62_HOST_KL28	125_PC0279_KL28	0.0	91.818	1033.0	550.0	1.0	550.0	698.0	153.0	698.0	1.0	0.78	125_PC0279_KL28-30_1409_62_HOST_KL28	78.0	medium (50-80)		A
30_1409_62_HOST_KL28	137_PC1397_KL24	7.61e-24	24.138	99.4	550.0	1.0	516.0	707.0	134.0	652.0	0.94	0.73	137_PC1397_KL24-30_1409_62_HOST_KL28	73.0	medium (50-80)		A
30_1409_62_HOST_KL28	136_PC0406_KL24	2.81e-22	26.0	94.7	550.0	1.0	549.0	803.0	234.0	803.0	1.0	0.71	136_PC0406_KL24-30_1409_62_HOST_KL28	71.0	medium (50-80)		A
30_1409_62_HOST_KL28	56_391_03_KL3	4.69e-18	25.891	81.3	550.0	1.0	495.0	736.0	164.0	669.0	0.9	0.69	30_1409_62_HOST_KL28-56_391_03_KL3	69.0	medium (50-80)		A
30_1409_62_HOST_KL28	120_PC0449_KL3	2.93e-16	25.287	75.5	550.0	1.0	484.0	736.0	164.0	658.0	0.88	0.67	120_PC0449_KL3-30_1409_62_HOST_KL28	67.0	medium (50-80)		A
31_876_57_HOST_KL28	32_1344_72_HOST_KL64	0.0	84.261	1068.0	850.0	223.0	850.0	698.0	77.0	698.0	0.74	0.89	31_876_57_HOST_KL28-32_1344_72_HOST_KL64	74.0	medium (50-80)		A
31_876_57_HOST_KL28	125_PC0279_KL28	0.0	84.261	1061.0	850.0	223.0	850.0	698.0	77.0	698.0	0.74	0.89	125_PC0279_KL28-31_876_57_HOST_KL28	74.0	medium (50-80)		A
31_876_57_HOST_KL28	137_PC1397_KL24	1.96e-36	25.359	140.0	850.0	225.0	816.0	707.0	60.0	652.0	0.7	0.84	137_PC1397_KL24-31_876_57_HOST_KL28	70.0	medium (50-80)		A
31_876_57_HOST_KL28	56_391_03_KL3	4.7199999999999995e-25	25.733	104.0	850.0	228.0	795.0	736.0	92.0	669.0	0.67	0.79	31_876_57_HOST_KL28-56_391_03_KL3	67.0	medium (50-80)		A
31_876_57_HOST_KL28	120_PC0449_KL3	8.67e-24	25.373	100.0	850.0	228.0	784.0	736.0	92.0	658.0	0.66	0.77	120_PC0449_KL3-31_876_57_HOST_KL28	66.0	medium (50-80)		A
32_1344_72_HOST_KL64	125_PC0279_KL28	0.0	94.269	1365.0	698.0	1.0	698.0	698.0	1.0	698.0	1.0	1.0	125_PC0279_KL28-32_1344_72_HOST_KL64	100.0	high (80-100)		A
32_1344_72_HOST_KL64	56_391_03_KL3	9.439999999999999e-89	34.143	287.0	698.0	1.0	648.0	736.0	1.0	671.0	0.93	0.91	32_1344_72_HOST_KL64-56_391_03_KL3	91.0	high (80-100)		A
32_1344_72_HOST_KL64	120_PC0449_KL3	3.94e-85	33.577	278.0	698.0	1.0	633.0	736.0	1.0	660.0	0.91	0.9	120_PC0449_KL3-32_1344_72_HOST_KL64	90.0	high (80-100)		A
32_1344_72_HOST_KL64	137_PC1397_KL24	1.37e-26	24.631	108.0	698.0	140.0	697.0	707.0	121.0	707.0	0.8	0.83	137_PC1397_KL24-32_1344_72_HOST_KL64	80.0	high (80-100)		A
32_1344_72_HOST_KL64	136_PC0406_KL24	1.0000000000000001e-21	25.586	93.6	698.0	136.0	651.0	803.0	217.0	735.0	0.74	0.65	136_PC0406_KL24-32_1344_72_HOST_KL64	65.0	medium (50-80)		A
36_1855_60_HOST_KL25	131_PC0692_KL111	0.0	96.819	988.0	503.0	1.0	503.0	634.0	132.0	634.0	1.0	0.79	131_PC0692_KL111-36_1855_60_HOST_KL25	79.0	medium (50-80)		A
36_1855_60_HOST_KL25	57_184_43_KL111	0.0	95.427	959.0	503.0	1.0	503.0	639.0	137.0	639.0	1.0	0.79	36_1855_60_HOST_KL25-57_184_43_KL111	79.0	medium (50-80)		A
36_1855_60_HOST_KL25	124_PC1605_KL25	0.0	82.704	822.0	503.0	1.0	503.0	803.0	303.0	803.0	1.0	0.62	124_PC1605_KL25-36_1855_60_HOST_KL25	62.0	medium (50-80)		A
36_1855_60_HOST_KL25	138_PC0538_KL25	1.13e-79	37.263	253.0	503.0	24.0	494.0	574.0	102.0	565.0	0.94	0.81	138_PC0538_KL25-36_1855_60_HOST_KL25	81.0	high (80-100)		A
36_1855_60_HOST_KL25	135_PC1712_KL22	1.2299999999999998e-68	33.592	225.0	503.0	1.0	496.0	603.0	95.0	597.0	0.99	0.83	135_PC1712_KL22-36_1855_60_HOST_KL25	83.0	high (80-100)		A
36_1855_60_HOST_KL25	87_YP_009153199_1_KL25	8.419999999999999e-68	33.13	222.0	503.0	14.0	500.0	584.0	102.0	581.0	0.97	0.82	36_1855_60_HOST_KL25-87_YP_009153199_1_KL25	82.0	high (80-100)		A
37_1630_70_HOST_KL10	122_PC0844_KL10	0.0	100.0	1921.0	929.0	1.0	929.0	929.0	1.0	929.0	1.0	1.0	122_PC0844_KL10-37_1630_70_HOST_KL10	100.0	high (80-100)		A
37_1630_70_HOST_KL10	58_145_08_HOST_KL10	0.0	92.657	1760.0	929.0	4.0	929.0	935.0	12.0	935.0	1.0	0.99	37_1630_70_HOST_KL10-58_145_08_HOST_KL10	99.0	high (80-100)		A
37_1630_70_HOST_KL10	132_PC0551_KL7	0.0	43.316	652.0	929.0	4.0	928.0	927.0	12.0	926.0	1.0	0.99	132_PC0551_KL7-37_1630_70_HOST_KL10	99.0	high (80-100)		A
39_1631_52_HOST_KL10	40_738_68_KL143	0.0	82.06	1028.0	822.0	221.0	822.0	742.0	141.0	742.0	0.73	0.81	39_1631_52_HOST_KL10-40_738_68_KL143	73.0	medium (50-80)		A
41_1849_60_HOST_KL36	42_1850_66_HOST_KL36	0.0	93.219	1847.0	1007.0	20.0	1007.0	984.0	17.0	982.0	0.98	0.98	41_1849_60_HOST_KL36-42_1850_66_HOST_KL36	98.0	high (80-100)		A
43_1248_57_KL23	45_1441_47_KL23	0.0	98.58	1442.0	704.0	1.0	704.0	704.0	1.0	704.0	1.0	1.0	43_1248_57_KL23-45_1441_47_KL23	100.0	high (80-100)		A
43_1248_57_KL23	47_1921_77_HOST_KL9	0.0	93.669	1358.0	704.0	10.0	704.0	701.0	7.0	701.0	0.99	0.99	43_1248_57_KL23-47_1921_77_HOST_KL9	99.0	high (80-100)		A
43_1248_57_KL23	44_1409_59_KL23	0.0	90.794	1175.0	704.0	78.0	704.0	852.0	228.0	852.0	0.89	0.73	43_1248_57_KL23-44_1409_59_KL23	73.0	medium (50-80)		A
43_1248_57_KL23	46_873_60_HOST_KL28	0.0	100.0	1145.0	704.0	151.0	704.0	554.0	1.0	554.0	0.79	1.0	43_1248_57_KL23-46_873_60_HOST_KL28	79.0	medium (50-80)		A
43_1248_57_KL23	86_QIW88225_1_KL23	4.1999999999999994e-170	48.664	495.0	704.0	191.0	704.0	607.0	88.0	607.0	0.73	0.86	43_1248_57_KL23-86_QIW88225_1_KL23	73.0	medium (50-80)		A
43_1248_57_KL23	85_QOI68577_1_KL23	1.1100000000000001e-144	45.524	428.0	704.0	191.0	704.0	555.0	39.0	555.0	0.73	0.93	43_1248_57_KL23-85_QOI68577_1_KL23	73.0	medium (50-80)		A
44_1409_59_KL23	45_1441_47_KL23	0.0	89.841	1167.0	852.0	228.0	852.0	704.0	78.0	704.0	0.73	0.89	44_1409_59_KL23-45_1441_47_KL23	73.0	medium (50-80)		A
44_1409_59_KL23	47_1921_77_HOST_KL9	0.0	87.302	1142.0	852.0	228.0	852.0	701.0	75.0	701.0	0.73	0.89	44_1409_59_KL23-47_1921_77_HOST_KL9	73.0	medium (50-80)		A
44_1409_59_KL23	46_873_60_HOST_KL28	0.0	98.736	1139.0	852.0	299.0	852.0	554.0	1.0	554.0	0.65	1.0	44_1409_59_KL23-46_873_60_HOST_KL28	65.0	medium (50-80)		A
44_1409_59_KL23	86_QIW88225_1_KL23	2e-167	48.282	493.0	852.0	339.0	852.0	607.0	88.0	607.0	0.6	0.86	44_1409_59_KL23-86_QIW88225_1_KL23	60.0	medium (50-80)		A
44_1409_59_KL23	85_QOI68577_1_KL23	1.04e-141	44.952	425.0	852.0	339.0	852.0	555.0	39.0	555.0	0.6	0.93	44_1409_59_KL23-85_QOI68577_1_KL23	60.0	medium (50-80)		A
45_1441_47_KL23	47_1921_77_HOST_KL9	0.0	93.957	1362.0	704.0	10.0	704.0	701.0	7.0	701.0	0.99	0.99	45_1441_47_KL23-47_1921_77_HOST_KL9	99.0	high (80-100)		A
45_1441_47_KL23	46_873_60_HOST_KL28	0.0	98.195	1131.0	704.0	151.0	704.0	554.0	1.0	554.0	0.79	1.0	45_1441_47_KL23-46_873_60_HOST_KL28	79.0	medium (50-80)		A
45_1441_47_KL23	86_QIW88225_1_KL23	4.48e-171	48.473	498.0	704.0	191.0	704.0	607.0	88.0	607.0	0.73	0.86	45_1441_47_KL23-86_QIW88225_1_KL23	73.0	medium (50-80)		A
45_1441_47_KL23	85_QOI68577_1_KL23	2.08e-146	45.905	432.0	704.0	191.0	704.0	555.0	39.0	555.0	0.73	0.93	45_1441_47_KL23-85_QOI68577_1_KL23	73.0	medium (50-80)		A
46_873_60_HOST_KL28	47_1921_77_HOST_KL9	0.0	95.307	1107.0	554.0	1.0	554.0	701.0	148.0	701.0	1.0	0.79	46_873_60_HOST_KL28-47_1921_77_HOST_KL9	79.0	medium (50-80)		A
46_873_60_HOST_KL28	86_QIW88225_1_KL23	6.67e-172	48.664	494.0	554.0	41.0	554.0	607.0	88.0	607.0	0.93	0.86	46_873_60_HOST_KL28-86_QIW88225_1_KL23	86.0	high (80-100)		A
46_873_60_HOST_KL28	85_QOI68577_1_KL23	1.31e-146	45.524	427.0	554.0	41.0	554.0	555.0	39.0	555.0	0.93	0.93	46_873_60_HOST_KL28-85_QOI68577_1_KL23	93.0	high (80-100)		A
47_1921_77_HOST_KL9	86_QIW88225_1_KL23	6.89e-172	48.473	499.0	701.0	188.0	701.0	607.0	88.0	607.0	0.73	0.86	47_1921_77_HOST_KL9-86_QIW88225_1_KL23	73.0	medium (50-80)		A
47_1921_77_HOST_KL9	85_QOI68577_1_KL23	1.6199999999999999e-147	45.524	435.0	701.0	188.0	701.0	555.0	39.0	555.0	0.73	0.93	47_1921_77_HOST_KL9-85_QOI68577_1_KL23	73.0	medium (50-80)		A
49_453_72_HOST_KL14	123_PC0367_KL14	0.0	95.407	1474.0	762.0	1.0	762.0	762.0	1.0	762.0	1.0	1.0	123_PC0367_KL14-49_453_72_HOST_KL14	100.0	high (80-100)		A
49_453_72_HOST_KL14	50_454_56_HOST_KL14	0.0	88.177	1247.0	762.0	63.0	762.0	826.0	125.0	826.0	0.92	0.85	49_453_72_HOST_KL14-50_454_56_HOST_KL14	85.0	high (80-100)		A
49_453_72_HOST_KL14	55_021_14_HOST_KL14	0.0	67.258	952.0	762.0	32.0	761.0	719.0	36.0	719.0	0.96	0.95	49_453_72_HOST_KL14-55_021_14_HOST_KL14	95.0	high (80-100)		A
50_454_56_HOST_KL14	123_PC0367_KL14	0.0	88.746	1255.0	826.0	125.0	826.0	762.0	63.0	762.0	0.85	0.92	123_PC0367_KL14-50_454_56_HOST_KL14	85.0	high (80-100)		A
50_454_56_HOST_KL14	55_021_14_HOST_KL14	0.0	67.177	937.0	826.0	108.0	825.0	719.0	44.0	719.0	0.87	0.94	50_454_56_HOST_KL14-55_021_14_HOST_KL14	87.0	high (80-100)		A
51_0367_12_KL62	129_PC0619_KL62	0.0	100.0	1703.0	851.0	15.0	851.0	837.0	1.0	837.0	0.98	1.0	129_PC0619_KL62-51_0367_12_KL62	98.0	high (80-100)		A
51_0367_12_KL62	53_0391_11_KL62	0.0	88.902	1460.0	851.0	15.0	851.0	839.0	2.0	839.0	0.98	1.0	51_0367_12_KL62-53_0391_11_KL62	98.0	high (80-100)		A
52_0574_17_KL14	133_PC1103_KL14	0.0	100.0	1803.0	873.0	2.0	873.0	872.0	1.0	872.0	1.0	1.0	133_PC1103_KL14-52_0574_17_KL14	100.0	high (80-100)		A
52_0574_17_KL14	61_0540_48_HOST_KL14	0.0	95.183	1706.0	873.0	2.0	873.0	872.0	1.0	872.0	1.0	1.0	52_0574_17_KL14-61_0540_48_HOST_KL14	100.0	high (80-100)		A
52_0574_17_KL14	105_QOV05454_1_KL64	8.18e-73	29.858	253.0	873.0	64.0	806.0	1017.0	188.0	943.0	0.85	0.74	105_QOV05454_1_KL64-52_0574_17_KL14	74.0	medium (50-80)		A
52_0574_17_KL14	106_YP_009797016_1_KL64	2.59e-72	29.73	251.0	873.0	64.0	806.0	1017.0	188.0	943.0	0.85	0.74	106_YP_009797016_1_KL64-52_0574_17_KL14	74.0	medium (50-80)		A
52_0574_17_KL14	141_PC1375_KL64	5.800000000000001e-70	28.88	244.0	873.0	129.0	871.0	1050.0	291.0	1050.0	0.85	0.72	141_PC1375_KL64-52_0574_17_KL14	72.0	medium (50-80)		A
52_0574_17_KL14	104_YP_009153202_1_KL64	2.2299999999999997e-68	26.884	239.0	873.0	114.0	871.0	996.0	230.0	996.0	0.87	0.77	104_YP_009153202_1_KL64-52_0574_17_KL14	77.0	medium (50-80)		A
53_0391_11_KL62	129_PC0619_KL62	0.0	88.902	1462.0	839.0	2.0	839.0	837.0	1.0	837.0	1.0	1.0	129_PC0619_KL62-53_0391_11_KL62	100.0	high (80-100)		A
54_0496_72_KL122	142_PC1357_KL122	0.0	100.0	1993.0	968.0	2.0	968.0	967.0	1.0	967.0	1.0	1.0	142_PC1357_KL122-54_0496_72_KL122	100.0	high (80-100)		A
54_0496_72_KL122	91_YP_009153200_1_KL35	9.48e-69	27.873	239.0	968.0	236.0	967.0	779.0	98.0	770.0	0.76	0.86	54_0496_72_KL122-91_YP_009153200_1_KL35	76.0	medium (50-80)		A
55_021_14_HOST_KL14	123_PC0367_KL14	0.0	65.621	932.0	719.0	36.0	719.0	762.0	32.0	761.0	0.95	0.96	123_PC0367_KL14-55_021_14_HOST_KL14	95.0	high (80-100)		A
56_391_03_KL3	120_PC0449_KL3	0.0	97.962	1486.0	736.0	1.0	736.0	736.0	1.0	736.0	1.0	1.0	120_PC0449_KL3-56_391_03_KL3	100.0	high (80-100)		A
56_391_03_KL3	137_PC1397_KL24	1.2e-94	33.333	303.0	736.0	121.0	736.0	707.0	98.0	707.0	0.84	0.86	137_PC1397_KL24-56_391_03_KL3	84.0	high (80-100)		A
56_391_03_KL3	136_PC0406_KL24	4.16e-94	35.927	304.0	736.0	151.0	736.0	803.0	221.0	803.0	0.8	0.73	136_PC0406_KL24-56_391_03_KL3	73.0	medium (50-80)		A
56_391_03_KL3	125_PC0279_KL28	1.05e-92	34.493	298.0	736.0	1.0	671.0	698.0	1.0	641.0	0.91	0.92	125_PC0279_KL28-56_391_03_KL3	91.0	high (80-100)		A
57_184_43_KL111	131_PC0692_KL111	0.0	81.534	1020.0	639.0	1.0	639.0	634.0	1.0	634.0	1.0	1.0	131_PC0692_KL111-57_184_43_KL111	100.0	high (80-100)		A
57_184_43_KL111	124_PC1605_KL25	0.0	75.253	867.0	639.0	50.0	639.0	803.0	214.0	803.0	0.92	0.73	124_PC1605_KL25-57_184_43_KL111	73.0	medium (50-80)		A
57_184_43_KL111	138_PC0538_KL25	1.14e-88	34.335	281.0	639.0	3.0	630.0	574.0	2.0	565.0	0.98	0.98	138_PC0538_KL25-57_184_43_KL111	98.0	high (80-100)		A
57_184_43_KL111	135_PC1712_KL22	7.65e-71	34.644	234.0	639.0	118.0	632.0	603.0	79.0	597.0	0.81	0.86	135_PC1712_KL22-57_184_43_KL111	81.0	high (80-100)		A
57_184_43_KL111	87_YP_009153199_1_KL25	3.49e-65	32.317	219.0	639.0	150.0	636.0	584.0	102.0	581.0	0.76	0.82	57_184_43_KL111-87_YP_009153199_1_KL25	76.0	medium (50-80)		A
58_145_08_HOST_KL10	122_PC0844_KL10	0.0	92.657	1760.0	935.0	12.0	935.0	929.0	4.0	929.0	0.99	1.0	122_PC0844_KL10-58_145_08_HOST_KL10	99.0	high (80-100)		A
58_145_08_HOST_KL10	132_PC0551_KL7	0.0	49.156	803.0	935.0	1.0	934.0	927.0	1.0	926.0	1.0	1.0	132_PC0551_KL7-58_145_08_HOST_KL10	100.0	high (80-100)		A
61_0540_48_HOST_KL14	133_PC1103_KL14	0.0	95.183	1707.0	872.0	1.0	872.0	872.0	1.0	872.0	1.0	1.0	133_PC1103_KL14-61_0540_48_HOST_KL14	100.0	high (80-100)		A
61_0540_48_HOST_KL14	105_QOV05454_1_KL64	7.1e-71	28.995	247.0	872.0	63.0	805.0	1017.0	188.0	943.0	0.85	0.74	105_QOV05454_1_KL64-61_0540_48_HOST_KL14	74.0	medium (50-80)		A
61_0540_48_HOST_KL14	141_PC1375_KL64	4.1000000000000004e-70	28.645	245.0	872.0	128.0	870.0	1050.0	291.0	1050.0	0.85	0.72	141_PC1375_KL64-61_0540_48_HOST_KL14	72.0	medium (50-80)		A
61_0540_48_HOST_KL14	104_YP_009153202_1_KL64	1e-69	28.191	243.0	872.0	113.0	794.0	996.0	230.0	916.0	0.78	0.69	104_YP_009153202_1_KL64-61_0540_48_HOST_KL14	69.0	medium (50-80)		A
61_0540_48_HOST_KL14	106_YP_009797016_1_KL64	1.5599999999999998e-69	28.737	243.0	872.0	63.0	805.0	1017.0	188.0	943.0	0.85	0.74	106_YP_009797016_1_KL64-61_0540_48_HOST_KL14	74.0	medium (50-80)		A
62_YP_009302756_1_KL1	63_YP_009098385_1_KL1	0.0	98.157	1313.0	651.0	1.0	651.0	651.0	1.0	651.0	1.0	1.0	62_YP_009302756_1_KL1-63_YP_009098385_1_KL1	100.0	high (80-100)		A
62_YP_009302756_1_KL1	116_REC_005_PROTEIN_56_KL1	0.0	95.238	1274.0	651.0	1.0	651.0	651.0	1.0	651.0	1.0	1.0	116_REC_005_PROTEIN_56_KL1-62_YP_009302756_1_KL1	100.0	high (80-100)		A
62_YP_009302756_1_KL1	65_YP_009153201_1_KL1	5.59e-101	33.17	322.0	651.0	46.0	651.0	888.0	301.0	888.0	0.93	0.66	62_YP_009302756_1_KL1-65_YP_009153201_1_KL1	66.0	medium (50-80)		A
63_YP_009098385_1_KL1	116_REC_005_PROTEIN_56_KL1	0.0	96.16	1285.0	651.0	1.0	651.0	651.0	1.0	651.0	1.0	1.0	116_REC_005_PROTEIN_56_KL1-63_YP_009098385_1_KL1	100.0	high (80-100)		A
63_YP_009098385_1_KL1	65_YP_009153201_1_KL1	6.99e-103	33.497	327.0	651.0	46.0	651.0	888.0	301.0	888.0	0.93	0.66	63_YP_009098385_1_KL1-65_YP_009153201_1_KL1	66.0	medium (50-80)		A
65_YP_009153201_1_KL1	116_REC_005_PROTEIN_56_KL1	5.55e-103	32.977	328.0	888.0	263.0	888.0	651.0	12.0	651.0	0.7	0.98	116_REC_005_PROTEIN_56_KL1-65_YP_009153201_1_KL1	70.0	medium (50-80)		A
66_ATS92567_1_KL2	67_UPW42650_1_KL2	6.86e-126	45.122	385.0	668.0	180.0	667.0	763.0	282.0	762.0	0.73	0.63	66_ATS92567_1_KL2-67_UPW42650_1_KL2	63.0	medium (50-80)		A
66_ATS92567_1_KL2	71_APZ82768_1_KL13/KL2	1.1e-44	27.692	162.0	668.0	157.0	666.0	577.0	67.0	574.0	0.76	0.88	66_ATS92567_1_KL2-71_APZ82768_1_KL13/KL2	76.0	medium (50-80)		A
66_ATS92567_1_KL2	72_QJI52632_KL13/KL2	1.32e-44	27.692	162.0	668.0	157.0	666.0	577.0	67.0	574.0	0.76	0.88	66_ATS92567_1_KL2-72_QJI52632_KL13/KL2	76.0	medium (50-80)		A
66_ATS92567_1_KL2	118_REC_015_PROTEIN_54_KL2	6.69e-44	27.308	160.0	668.0	157.0	666.0	577.0	67.0	574.0	0.76	0.88	118_REC_015_PROTEIN_54_KL2-66_ATS92567_1_KL2	76.0	medium (50-80)		A
67_UPW42650_1_KL2	72_QJI52632_KL13/KL2	6.16e-53	29.101	187.0	763.0	211.0	763.0	577.0	20.0	576.0	0.72	0.97	67_UPW42650_1_KL2-72_QJI52632_KL13/KL2	72.0	medium (50-80)		A
67_UPW42650_1_KL2	71_APZ82768_1_KL13/KL2	1.41e-52	29.453	186.0	763.0	211.0	763.0	577.0	20.0	576.0	0.72	0.97	67_UPW42650_1_KL2-71_APZ82768_1_KL13/KL2	72.0	medium (50-80)		A
67_UPW42650_1_KL2	118_REC_015_PROTEIN_54_KL2	8.05e-52	28.799	184.0	763.0	211.0	763.0	577.0	20.0	576.0	0.72	0.97	118_REC_015_PROTEIN_54_KL2-67_UPW42650_1_KL2	72.0	medium (50-80)		A
68_UPW42726_1_KL2	73_QTP95996_1_KL13/KL2	0.0	99.449	1865.0	907.0	1.0	907.0	907.0	1.0	907.0	1.0	1.0	68_UPW42726_1_KL2-73_QTP95996_1_KL13/KL2	100.0	high (80-100)		A
68_UPW42726_1_KL2	70_YP_009820105_1_KL2	0.0	99.118	1858.0	907.0	1.0	907.0	907.0	1.0	907.0	1.0	1.0	68_UPW42726_1_KL2-70_YP_009820105_1_KL2	100.0	high (80-100)		A
68_UPW42726_1_KL2	69_QUU29414_1_KL2	0.0	98.346	1844.0	907.0	1.0	907.0	907.0	1.0	907.0	1.0	1.0	68_UPW42726_1_KL2-69_QUU29414_1_KL2	100.0	high (80-100)		A
69_QUU29414_1_KL2	70_YP_009820105_1_KL2	0.0	98.567	1847.0	907.0	1.0	907.0	907.0	1.0	907.0	1.0	1.0	69_QUU29414_1_KL2-70_YP_009820105_1_KL2	100.0	high (80-100)		A
69_QUU29414_1_KL2	73_QTP95996_1_KL13/KL2	0.0	98.236	1843.0	907.0	1.0	907.0	907.0	1.0	907.0	1.0	1.0	69_QUU29414_1_KL2-73_QTP95996_1_KL13/KL2	100.0	high (80-100)		A
70_YP_009820105_1_KL2	73_QTP95996_1_KL13/KL2	0.0	99.228	1859.0	907.0	1.0	907.0	907.0	1.0	907.0	1.0	1.0	70_YP_009820105_1_KL2-73_QTP95996_1_KL13/KL2	100.0	high (80-100)		A
71_APZ82768_1_KL13/KL2	118_REC_015_PROTEIN_54_KL2	0.0	98.614	1164.0	577.0	1.0	577.0	577.0	1.0	577.0	1.0	1.0	118_REC_015_PROTEIN_54_KL2-71_APZ82768_1_KL13/KL2	100.0	high (80-100)		A
71_APZ82768_1_KL13/KL2	72_QJI52632_KL13/KL2	0.0	97.227	1148.0	577.0	1.0	577.0	577.0	1.0	577.0	1.0	1.0	71_APZ82768_1_KL13/KL2-72_QJI52632_KL13/KL2	100.0	high (80-100)		A
72_QJI52632_KL13/KL2	118_REC_015_PROTEIN_54_KL2	0.0	97.574	1154.0	577.0	1.0	577.0	577.0	1.0	577.0	1.0	1.0	118_REC_015_PROTEIN_54_KL2-72_QJI52632_KL13/KL2	100.0	high (80-100)		A
74_YP_003347555_1_KL3	121_PC0537_KL3	8.23e-52	29.91	189.0	869.0	290.0	835.0	913.0	298.0	813.0	0.63	0.57	121_PC0537_KL3-74_YP_003347555_1_KL3	56.99999999999999	medium (50-80)		A
74_YP_003347555_1_KL3	77_UCR74082_1_KL7	1.23e-41	27.258	158.0	869.0	289.0	838.0	1180.0	505.0	1093.0	0.63	0.5	74_YP_003347555_1_KL3-77_UCR74082_1_KL7	50.0	medium (50-80)		A
75_APZ82848_1_KL5	76_WNO47121_1_KL5	5.4e-109	34.058	343.0	684.0	5.0	684.0	857.0	184.0	856.0	0.99	0.79	75_APZ82848_1_KL5-76_WNO47121_1_KL5	79.0	medium (50-80)		A
77_UCR74082_1_KL7	121_PC0537_KL3	8.620000000000001e-26	23.246	108.0	1180.0	480.0	1176.0	913.0	275.0	912.0	0.59	0.7	121_PC0537_KL3-77_UCR74082_1_KL7	59.0	medium (50-80)		A
82_YP_009198669_1_KL21	83_YP_003347556_1_KL21	0.0	86.609	1040.0	575.0	1.0	575.0	576.0	2.0	576.0	1.0	1.0	82_YP_009198669_1_KL21-83_YP_003347556_1_KL21	100.0	high (80-100)		A
82_YP_009198669_1_KL21	84_YP_009153196_1_KL21	1.26e-120	38.393	365.0	575.0	28.0	574.0	651.0	95.0	650.0	0.95	0.85	82_YP_009198669_1_KL21-84_YP_009153196_1_KL21	85.0	high (80-100)		A
83_YP_003347556_1_KL21	84_YP_009153196_1_KL21	7.1800000000000006e-124	39.286	373.0	576.0	29.0	575.0	651.0	95.0	650.0	0.95	0.85	83_YP_003347556_1_KL21-84_YP_009153196_1_KL21	85.0	high (80-100)		A
85_QOI68577_1_KL23	86_QIW88225_1_KL23	0.0	65.938	768.0	555.0	11.0	555.0	607.0	60.0	607.0	0.98	0.9	85_QOI68577_1_KL23-86_QIW88225_1_KL23	90.0	high (80-100)		A
87_YP_009153199_1_KL25	138_PC0538_KL25	3.4100000000000003e-97	35.642	302.0	584.0	103.0	582.0	574.0	92.0	572.0	0.82	0.84	138_PC0538_KL25-87_YP_009153199_1_KL25	82.0	high (80-100)		A
87_YP_009153199_1_KL25	135_PC1712_KL22	1.93e-85	34.325	272.0	584.0	94.0	582.0	603.0	100.0	602.0	0.84	0.83	135_PC1712_KL22-87_YP_009153199_1_KL25	83.0	high (80-100)		A
87_YP_009153199_1_KL25	131_PC0692_KL111	1.63e-63	33.191	214.0	584.0	102.0	559.0	634.0	145.0	609.0	0.78	0.73	131_PC0692_KL111-87_YP_009153199_1_KL25	73.0	medium (50-80)		A
87_YP_009153199_1_KL25	124_PC1605_KL25	1.9000000000000002e-57	32.051	200.0	584.0	102.0	559.0	803.0	316.0	778.0	0.78	0.58	124_PC1605_KL25-87_YP_009153199_1_KL25	57.99999999999999	medium (50-80)		A
88_UCR74083_1_KL27	109_BAN78446_1_KN2	0.0	39.895	783.0	1294.0	1.0	1292.0	1245.0	1.0	1245.0	1.0	1.0	109_BAN78446_1_KN2-88_UCR74083_1_KL27	100.0	high (80-100)		A
88_UCR74083_1_KL27	126_PC0854_KL38	0.0	36.636	593.0	1294.0	190.0	1267.0	1258.0	172.0	1234.0	0.83	0.84	126_PC0854_KL38-88_UCR74083_1_KL27	83.0	high (80-100)		A
89_YP_009153203_1_KL30/KL69	90_APZ82804_1_KL30/KL69	1.54e-162	49.546	484.0	767.0	224.0	767.0	792.0	245.0	792.0	0.71	0.69	89_YP_009153203_1_KL30/KL69-90_APZ82804_1_KL30/KL69	69.0	medium (50-80)		A
89_YP_009153203_1_KL30/KL69	139_PC0827_KL30	5.74e-23	24.954	98.2	767.0	15.0	534.0	870.0	92.0	611.0	0.68	0.6	139_PC0827_KL30-89_YP_009153203_1_KL30/KL69	60.0	medium (50-80)		A
90_APZ82804_1_KL30/KL69	139_PC0827_KL30	7.51e-19	27.601	85.1	792.0	252.0	685.0	870.0	313.0	752.0	0.55	0.51	139_PC0827_KL30-90_APZ82804_1_KL30/KL69	51.0	medium (50-80)		A
91_YP_009153200_1_KL35	142_PC1357_KL122	2.2199999999999998e-67	27.345	234.0	779.0	98.0	770.0	967.0	235.0	966.0	0.86	0.76	142_PC1357_KL122-91_YP_009153200_1_KL35	76.0	medium (50-80)		A
92_ALT58498_1_KL47	94_QOV05502_1_KL47	0.0	98.908	1284.0	641.0	1.0	641.0	641.0	1.0	641.0	1.0	1.0	92_ALT58498_1_KL47-94_QOV05502_1_KL47	100.0	high (80-100)		A
93_ALT58497_1_KL47	95_QDF14644_1_KL47	0.0	98.361	1590.0	793.0	1.0	793.0	793.0	1.0	793.0	1.0	1.0	93_ALT58497_1_KL47-95_QDF14644_1_KL47	100.0	high (80-100)		A
93_ALT58497_1_KL47	110_BBF66867_1_KN3	2.5800000000000002e-169	55.6	503.0	793.0	1.0	496.0	792.0	1.0	459.0	0.63	0.58	110_BBF66867_1_KN3-93_ALT58497_1_KL47	57.99999999999999	medium (50-80)		A
97_BBF66868_1_KL56	130_PC0772_KL64	3.69e-38	26.054	145.0	678.0	36.0	675.0	880.0	225.0	868.0	0.94	0.73	130_PC0772_KL64-97_BBF66868_1_KL56	73.0	medium (50-80)		A
97_BBF66868_1_KL56	127_PC0871_KL60	8.050000000000001e-21	26.702	90.5	678.0	35.0	398.0	652.0	7.0	366.0	0.54	0.55	127_PC0871_KL60-97_BBF66868_1_KL56	54.0	medium (50-80)		A
98_QTH79846_1_KL57	99_ATI16495_1_KL57	0.0	89.347	1079.0	614.0	32.0	613.0	721.0	147.0	721.0	0.95	0.8	98_QTH79846_1_KL57-99_ATI16495_1_KL57	80.0	high (80-100)		A
98_QTH79846_1_KL57	100_AOZ65519_1_KL57	0.0	55.929	630.0	614.0	53.0	612.0	843.0	291.0	843.0	0.91	0.66	100_AOZ65519_1_KL57-98_QTH79846_1_KL57	66.0	medium (50-80)		A
99_ATI16495_1_KL57	100_AOZ65519_1_KL57	0.0	55.424	644.0	721.0	144.0	720.0	843.0	263.0	843.0	0.8	0.69	100_AOZ65519_1_KL57-99_ATI16495_1_KL57	69.0	medium (50-80)		A
101_WOK01638_1_KL62	129_PC0619_KL62	0.0	69.746	583.0	692.0	143.0	568.0	837.0	202.0	634.0	0.62	0.52	101_WOK01638_1_KL62-129_PC0619_KL62	52.0	medium (50-80)		A
101_WOK01638_1_KL62	128_PC0671_KL62	8.660000000000001e-157	47.758	457.0	692.0	182.0	691.0	516.0	2.0	514.0	0.74	0.99	101_WOK01638_1_KL62-128_PC0671_KL62	74.0	medium (50-80)		A
102_YP_003347651_1_KL63	103_YP_009226011_1_KL63	1.09e-148	42.419	446.0	630.0	34.0	629.0	883.0	268.0	882.0	0.95	0.7	102_YP_003347651_1_KL63-103_YP_009226011_1_KL63	70.0	medium (50-80)		A
104_YP_009153202_1_KL64	141_PC1375_KL64	0.0	56.201	882.0	996.0	245.0	996.0	1050.0	295.0	1050.0	0.76	0.72	104_YP_009153202_1_KL64-141_PC1375_KL64	72.0	medium (50-80)		A
104_YP_009153202_1_KL64	106_YP_009797016_1_KL64	0.0	47.334	691.0	996.0	234.0	995.0	1017.0	248.0	1015.0	0.77	0.76	104_YP_009153202_1_KL64-106_YP_009797016_1_KL64	76.0	medium (50-80)		A
104_YP_009153202_1_KL64	105_QOV05454_1_KL64	0.0	47.204	689.0	996.0	234.0	995.0	1017.0	248.0	1015.0	0.77	0.76	104_YP_009153202_1_KL64-105_QOV05454_1_KL64	76.0	medium (50-80)		A
104_YP_009153202_1_KL64	133_PC1103_KL14	7.88e-70	26.976	244.0	996.0	230.0	996.0	872.0	113.0	870.0	0.77	0.87	104_YP_009153202_1_KL64-133_PC1103_KL14	77.0	medium (50-80)		A
105_QOV05454_1_KL64	106_YP_009797016_1_KL64	0.0	99.017	2063.0	1017.0	1.0	1017.0	1017.0	1.0	1017.0	1.0	1.0	105_QOV05454_1_KL64-106_YP_009797016_1_KL64	100.0	high (80-100)		A
105_QOV05454_1_KL64	141_PC1375_KL64	0.0	48.755	740.0	1017.0	254.0	1015.0	1050.0	290.0	1049.0	0.75	0.72	105_QOV05454_1_KL64-141_PC1375_KL64	72.0	medium (50-80)		A
105_QOV05454_1_KL64	133_PC1103_KL14	8.06e-73	29.806	253.0	1017.0	188.0	943.0	872.0	63.0	805.0	0.74	0.85	105_QOV05454_1_KL64-133_PC1103_KL14	74.0	medium (50-80)		A
106_YP_009797016_1_KL64	141_PC1375_KL64	0.0	48.886	743.0	1017.0	254.0	1015.0	1050.0	290.0	1049.0	0.75	0.72	106_YP_009797016_1_KL64-141_PC1375_KL64	72.0	medium (50-80)		A
106_YP_009797016_1_KL64	133_PC1103_KL14	1.79e-72	29.677	251.0	1017.0	188.0	943.0	872.0	63.0	805.0	0.74	0.85	106_YP_009797016_1_KL64-133_PC1103_KL14	74.0	medium (50-80)		A
107_AXE28435_1_KN1	108_BBF66844_1_KN1	0.0	95.854	1610.0	820.0	1.0	820.0	820.0	2.0	820.0	1.0	1.0	107_AXE28435_1_KN1-108_BBF66844_1_KN1	100.0	high (80-100)		A
107_AXE28435_1_KN1	111_YP_009153195_1_KN4	4.18e-93	33.113	302.0	820.0	229.0	806.0	736.0	138.0	721.0	0.7	0.79	107_AXE28435_1_KN1-111_YP_009153195_1_KN4	70.0	medium (50-80)		A
108_BBF66844_1_KN1	111_YP_009153195_1_KN4	1.8e-91	32.441	298.0	820.0	230.0	806.0	736.0	138.0	721.0	0.7	0.79	108_BBF66844_1_KN1-111_YP_009153195_1_KN4	70.0	medium (50-80)		A
109_BAN78446_1_KN2	126_PC0854_KL38	3.05e-178	35.22	554.0	1245.0	181.0	1243.0	1258.0	165.0	1250.0	0.85	0.86	109_BAN78446_1_KN2-126_PC0854_KL38	85.0	high (80-100)		A
114_UFK09522_1_KN8	115_UZN24616_1_KN8	0.0	56.419	659.0	590.0	1.0	590.0	592.0	1.0	592.0	1.0	1.0	114_UFK09522_1_KN8-115_UZN24616_1_KN8	100.0	high (80-100)		A
120_PC0449_KL3	137_PC1397_KL24	4.3099999999999996e-95	33.863	305.0	736.0	125.0	736.0	707.0	102.0	707.0	0.83	0.86	120_PC0449_KL3-137_PC1397_KL24	83.0	high (80-100)		A
120_PC0449_KL3	136_PC0406_KL24	5.02e-92	35.596	299.0	736.0	151.0	736.0	803.0	221.0	803.0	0.8	0.73	120_PC0449_KL3-136_PC0406_KL24	73.0	medium (50-80)		A
120_PC0449_KL3	125_PC0279_KL28	1.7100000000000002e-88	34.021	286.0	736.0	1.0	660.0	698.0	1.0	633.0	0.9	0.91	120_PC0449_KL3-125_PC0279_KL28	90.0	high (80-100)		A
122_PC0844_KL10	132_PC0551_KL7	0.0	43.316	652.0	929.0	4.0	928.0	927.0	12.0	926.0	1.0	0.99	122_PC0844_KL10-132_PC0551_KL7	99.0	high (80-100)		A
124_PC1605_KL25	131_PC0692_KL111	0.0	72.408	849.0	803.0	205.0	803.0	634.0	12.0	634.0	0.75	0.98	124_PC1605_KL25-131_PC0692_KL111	75.0	medium (50-80)		A
124_PC1605_KL25	138_PC0538_KL25	1.47e-73	35.048	244.0	803.0	276.0	794.0	574.0	51.0	565.0	0.65	0.9	124_PC1605_KL25-138_PC0538_KL25	65.0	medium (50-80)		A
124_PC1605_KL25	135_PC1712_KL22	1.69e-58	32.959	204.0	803.0	284.0	796.0	603.0	79.0	597.0	0.64	0.86	124_PC1605_KL25-135_PC1712_KL22	64.0	medium (50-80)		A
125_PC0279_KL28	137_PC1397_KL24	6.980000000000001e-27	24.132	109.0	698.0	140.0	697.0	707.0	121.0	707.0	0.8	0.83	125_PC0279_KL28-137_PC1397_KL24	80.0	high (80-100)		A
125_PC0279_KL28	136_PC0406_KL24	3.75e-25	26.16	104.0	698.0	136.0	639.0	803.0	217.0	724.0	0.72	0.63	125_PC0279_KL28-136_PC0406_KL24	63.0	medium (50-80)		A
127_PC0871_KL60	130_PC0772_KL64	1.63e-33	25.467	130.0	652.0	2.0	558.0	880.0	219.0	780.0	0.85	0.64	127_PC0871_KL60-130_PC0772_KL64	64.0	medium (50-80)		A
131_PC0692_KL111	138_PC0538_KL25	1.78e-78	36.632	254.0	634.0	155.0	625.0	574.0	102.0	565.0	0.74	0.81	131_PC0692_KL111-138_PC0538_KL25	74.0	medium (50-80)		A
131_PC0692_KL111	135_PC1712_KL22	1.55e-68	33.895	228.0	634.0	113.0	627.0	603.0	79.0	597.0	0.81	0.86	131_PC0692_KL111-135_PC1712_KL22	81.0	high (80-100)		A
133_PC1103_KL14	141_PC1375_KL64	8.210000000000001e-70	28.88	244.0	872.0	128.0	870.0	1050.0	291.0	1050.0	0.85	0.72	133_PC1103_KL14-141_PC1375_KL64	72.0	medium (50-80)		A
135_PC1712_KL22	138_PC0538_KL25	8.68e-99	37.262	306.0	603.0	82.0	602.0	574.0	62.0	572.0	0.86	0.89	135_PC1712_KL22-138_PC0538_KL25	86.0	high (80-100)		A
136_PC0406_KL24	137_PC1397_KL24	2.34e-140	42.373	425.0	803.0	229.0	803.0	707.0	129.0	707.0	0.72	0.82	136_PC0406_KL24-137_PC1397_KL24	72.0	medium (50-80)		A
143_PC0959_KL127	144_PC0692_KL127	0.0	72.558	926.0	665.0	28.0	665.0	813.0	113.0	743.0	0.96	0.78	143_PC0959_KL127-144_PC0692_KL127	78.0	medium (50-80)		A
143_PC0959_KL127	145_PC1803_KL127	0.0	74.128	530.0	665.0	67.0	407.0	466.0	123.0	466.0	0.51	0.74	143_PC0959_KL127-145_PC1803_KL127	51.0	medium (50-80)		A
1_434_33_KL52	1_434_33_KL52															high (80-100)	A
13_1663_69_HOST_KL12	13_1663_69_HOST_KL12															high (80-100)	A
14_409_46_HOST_KL153	14_409_46_HOST_KL153															high (80-100)	A
15_1538_54_HOST_KL140	15_1538_54_HOST_KL140															high (80-100)	A
16_1815_56_HOST_KL4	16_1815_56_HOST_KL4															high (80-100)	A
17_1664_74_HOST_KL12	17_1664_74_HOST_KL12															high (80-100)	A
33_706_38_HOST_KL2	33_706_38_HOST_KL2															high (80-100)	A
34_848_71_HOST_KL63	34_848_71_HOST_KL63															high (80-100)	A
35_1096_14_HOST_KL64	35_1096_14_HOST_KL64															high (80-100)	A
38_851_60_HOST_KL63	38_851_60_HOST_KL63															high (80-100)	A
48_1231_45_HOST_KL169	48_1231_45_HOST_KL169															high (80-100)	A
59_174_38_HOST_KL55	59_174_38_HOST_KL55															high (80-100)	A
60_164_08_HOST_KL2	60_164_08_HOST_KL2															high (80-100)	A
64_UFK26377_1_KL1	64_UFK26377_1_KL1															high (80-100)	A
78_APZ82847_1_KL8	78_APZ82847_1_KL8															high (80-100)	A
80_UCR74085_1_KL20	80_UCR74085_1_KL20															high (80-100)	A
81_UVD31996_1_KL20	81_UVD31996_1_KL20															high (80-100)	A
96_YP_007007686_1_KL54	96_YP_007007686_1_KL54															high (80-100)	A
112_BBF66888_1_KN4	112_BBF66888_1_KN4															high (80-100)	A
113_YP_009153198_1_KN5	113_YP_009153198_1_KN5															high (80-100)	A
117_REC_009_PROTEIN_7_KL19	117_REC_009_PROTEIN_7_KL19															high (80-100)	A
119_REC_028_PROTEIN_295_KL51	119_REC_028_PROTEIN_295_KL51															high (80-100)	A
134_PC1771_KL15	134_PC1771_KL15															high (80-100)	A
140_PC1728_KL47	140_PC1728_KL47															high (80-100)	A
