version	locus	quality	PC	mode	minus_log10_pvalue_corr	beta	precision	recall	precision_SC	recall_SC	PC_abundance	locus_abundance	PC_freq	TP	FN	TN	FP	specificity	accuracy	F1_score	MCC	TP_SC	FN_SC	TN_SC	FP_SC	specificity_SC	accuracy_SC	F1_score_SC	MCC_SC	pvalue	n_PC_tested	pvalue_corr	minus_log10_pvalue	precision_CI5_LOWER	precision_MEDIAN	precision_CI95_UPPER	recall_CI5_LOWER	recall_MEDIAN	recall_CI95_UPPER	precision_SC_CI5_LOWER	precision_SC_MEDIAN	precision_SC_CI95_UPPER	recall_SC_CI5_LOWER	recall_SC_MEDIAN	recall_SC_CI95_UPPER	F1_score_num
PCI00C50	KL1	hq	PC0549	lasso			0.88	0.27	0.5	0.07	8	26	0.00323	7.0	19.0	2451.0	1.0	1.0	0.99	0.41	0.48	1.0	14.0	533.0	1.0	1.0	0.97	0.12	0.18		824			0.662	0.815	1.0	0.194	0.25	0.332	0.5	0.5	1.0	0.08	0.1	0.14	0.41
PCI00C80	KL1	hq	PC0662	lasso			0.88	0.27	0.5	0.07	8	26	0.00323	7.0	19.0	2451.0	1.0	1.0	0.99	0.41	0.48	1.0	14.0	533.0	1.0	1.0	0.97	0.12	0.18		998			0.8	0.93	1.0	0.128	0.285	0.392	0.5	0.75	1.0	0.08	0.1	0.12	0.41
PCI50C50	KL1	hq	PC0411	lasso	inf	3.97	0.46	0.42	0.47	0.6	24	26	0.00969	11.0	15.0	2439.0	13.0	0.99	0.99	0.44	0.43	9.0	6.0	524.0	10.0	0.98	0.97	0.53	0.52	0.0	1191	0.0	inf	0.31	0.5	0.542	0.29	0.425	0.5	0.306	0.5	0.586	0.394	0.59	0.704	0.44
PCI50C80	KL1	hq	PC0762	lasso			0.88	0.27	0.5	0.07	8	26	0.00323	7.0	19.0	2451.0	1.0	1.0	0.99	0.41	0.48	1.0	14.0	533.0	1.0	1.0	0.97	0.12	0.18		1289			0.746	0.86	1.0	0.18	0.25	0.35	0.5	0.5	1.0	0.08	0.085	0.112	0.41
PCI80C50	KL1	hq	PC0968	lasso			0.88	0.27	0.5	0.07	8	26	0.00323	7.0	19.0	2451.0	1.0	1.0	0.99	0.41	0.48	1.0	14.0	533.0	1.0	1.0	0.97	0.12	0.18		1543			0.746	0.86	1.0	0.168	0.25	0.352	0.5	0.5	1.0	0.08	0.09	0.121	0.41
PCI80C80	KL1	hq	PC0939	lasso			0.88	0.27	0.5	0.07	8	26	0.00323	7.0	19.0	2451.0	1.0	1.0	0.99	0.41	0.48	1.0	14.0	533.0	1.0	1.0	0.97	0.12	0.18		1587			0.746	0.83	1.0	0.196	0.265	0.383	0.5	0.5	1.0	0.08	0.09	0.121	0.41
PCI00C50	KL10	hq	PC0461	lasso			0.42	0.17	0.44	0.27	12	30	0.00484	5.0	25.0	2441.0	7.0	1.0	0.99	0.24	0.26	4.0	11.0	529.0	5.0	0.99	0.97	0.33	0.33		824			0.197	0.43	0.572	0.06	0.18	0.25	0.198	0.5	0.604	0.108	0.27	0.33	0.24
PCI00C80	KL10	hq	PC0540	lasso			0.45	0.17	0.5	0.27	11	30	0.00444	5.0	25.0	2442.0	6.0	1.0	0.99	0.25	0.27	4.0	11.0	530.0	4.0	0.99	0.97	0.35	0.35		998			0.198	0.415	0.575	0.06	0.14	0.22	0.2	0.43	0.67	0.09	0.23	0.311	0.25
PCI50C50	KL10	hq	PC0894	lasso			0.83	0.17	1.0	0.2	6	30	0.00242	5.0	25.0	2447.0	1.0	1.0	0.99	0.28	0.37	3.0	12.0	534.0	0.0	1.0	0.98	0.33	0.44		1191			0.67	0.8	1.0	0.12	0.18	0.222	1.0	1.0	1.0	0.15	0.25	0.302	0.28
PCI50C80	KL10	hq	PC0935	lasso			0.83	0.17	1.0	0.2	6	30	0.00242	5.0	25.0	2447.0	1.0	1.0	0.99	0.28	0.37	3.0	12.0	534.0	0.0	1.0	0.98	0.33	0.44		1289			0.662	0.8	1.0	0.089	0.18	0.232	0.662	1.0	1.0	0.128	0.2	0.332	0.28
PCI80C50	KL10	hq	PC1137	lasso	inf	1.82	0.83	0.17	1.0	0.2	6	30	0.00242	5.0	25.0	2447.0	1.0	1.0	0.99	0.28	0.37	3.0	12.0	534.0	0.0	1.0	0.98	0.33	0.44	0.0	1543	0.0	inf	0.67	0.8	1.0	0.11	0.17	0.221	0.984	1.0	1.0	0.14	0.18	0.302	0.28
PCI80C80	KL10	hq	PC1196	lasso			0.83	0.17	1.0	0.2	6	30	0.00242	5.0	25.0	2447.0	1.0	1.0	0.99	0.28	0.37	3.0	12.0	534.0	0.0	1.0	0.98	0.33	0.44		1587			0.67	0.8	1.0	0.098	0.18	0.24	0.67	1.0	1.0	0.09	0.22	0.3	0.28
PCI00C50	KL103	hq	PC0233	lasso	inf	1.56	0.15	0.64	0.23	0.7	46	11	0.0186	7.0	4.0	2428.0	39.0	0.98	0.98	0.24	0.31	7.0	3.0	516.0	23.0	0.96	0.95	0.35	0.39	0.0	824	0.0	inf	0.08	0.16	0.212	0.4	0.62	0.784	0.11	0.22	0.292	0.496	0.67	0.861	0.24
PCI00C80	KL103	hq	PC0693	lasso			0.83	0.45	0.83	0.5	6	11	0.00242	5.0	6.0	2466.0	1.0	1.0	1.0	0.58	0.61	5.0	5.0	538.0	1.0	1.0	0.99	0.62	0.64		998			0.67	0.8	1.0	0.29	0.5	0.67	0.67	0.8	1.0	0.29	0.5	0.677	0.58
PCI50C50	KL103	hq	PC0545	lasso	inf	17.0	0.64	0.64	0.64	0.7	11	11	0.00444	7.0	4.0	2463.0	4.0	1.0	1.0	0.64	0.63	7.0	3.0	535.0	4.0	0.99	0.99	0.67	0.66	0.0	1191	0.0	inf	0.428	0.585	0.838	0.496	0.67	0.802	0.428	0.585	0.838	0.496	0.67	0.83	0.64
PCI50C80	KL103	hq	PC0929	lasso	inf	5.41	1.0	0.45	1.0	0.5	5	11	0.00202	5.0	6.0	2467.0	0.0	1.0	1.0	0.62	0.67	5.0	5.0	539.0	0.0	1.0	0.99	0.67	0.7	0.0	1289	0.0	inf	1.0	1.0	1.0	0.17	0.5	0.629	1.0	1.0	1.0	0.17	0.5	0.677	0.62
PCI80C50	KL103	hq	PC0887	lasso	inf	11.5	0.5	0.36	0.5	0.4	8	11	0.00323	4.0	7.0	2463.0	4.0	1.0	1.0	0.42	0.42	4.0	6.0	535.0	4.0	0.99	0.98	0.44	0.44	0.0	1543	0.0	inf	0.326	0.5	0.763	0.139	0.38	0.5	0.326	0.5	0.763	0.14	0.38	0.5	0.42
PCI80C80	KL103	hq	PC0865	lasso	inf	12.4	0.5	0.36	0.5	0.4	8	11	0.00323	4.0	7.0	2463.0	4.0	1.0	1.0	0.42	0.42	4.0	6.0	535.0	4.0	0.99	0.98	0.44	0.44	0.0	1587	0.0	inf	0.238	0.57	0.753	0.162	0.38	0.509	0.238	0.57	0.753	0.19	0.38	0.509	0.42
PCI00C50	KL11	hq	PC0428	lasso			0.64	0.3	0.5	0.09	14	30	0.00565	9.0	21.0	2443.0	5.0	1.0	0.99	0.41	0.43	1.0	10.0	537.0	1.0	1.0	0.98	0.15	0.21		824			0.497	0.62	0.886	0.207	0.285	0.381	0.5	0.5	1.0	0.1	0.12	0.142	0.41
PCI00C80	KL11	hq	PC0177	lasso	inf	2.96	0.35	0.8	0.27	0.73	69	30	0.0278	24.0	6.0	2403.0	45.0	0.98	0.98	0.49	0.52	8.0	3.0	516.0	22.0	0.96	0.95	0.39	0.42	0.0	998	0.0	inf	0.28	0.36	0.401	0.73	0.8	0.852	0.2	0.265	0.32	0.617	0.71	0.867	0.49
PCI50C50	KL11	hq	PC0428	lasso	inf	3.41	0.8	0.53	0.62	0.45	20	30	0.00807	16.0	14.0	2444.0	4.0	1.0	0.99	0.64	0.65	5.0	6.0	535.0	3.0	0.99	0.98	0.52	0.53	0.0	1191	0.0	inf	0.73	0.8	1.0	0.475	0.575	0.652	0.5	0.69	1.0	0.428	0.56	0.62	0.64
PCI50C80	KL11	hq	PC0495	lasso	inf	2.84	0.78	0.47	0.62	0.45	18	30	0.00726	14.0	16.0	2444.0	4.0	1.0	0.99	0.59	0.6	5.0	6.0	535.0	3.0	0.99	0.98	0.52	0.53	0.0	1289	0.0	inf	0.669	0.75	0.92	0.378	0.46	0.551	0.496	0.6	0.802	0.289	0.445	0.61	0.59
PCI80C50	KL11	hq	PC0611	lasso			0.82	0.47	0.33	0.09	17	30	0.00686	14.0	16.0	2445.0	3.0	1.0	0.99	0.6	0.62	1.0	10.0	536.0	2.0	1.0	0.98	0.14	0.17		1543			0.729	0.83	1.0	0.376	0.48	0.59	0.33	0.415	1.0	0.1	0.12	0.17	0.6
PCI80C80	KL11	hq	PC0617	lasso			0.82	0.47	0.33	0.09	17	30	0.00686	14.0	16.0	2445.0	3.0	1.0	0.99	0.6	0.62	1.0	10.0	536.0	2.0	1.0	0.98	0.14	0.17		1587			0.746	0.81	0.901	0.318	0.46	0.541	0.33	0.33	0.5	0.1	0.12	0.143	0.6
PCI00C50	KL111	hq	PC0429	lasso	inf	4.7	1.0	0.42	1.0	0.5	14	33	0.00565	14.0	19.0	2445.0	0.0	1.0	0.99	0.59	0.65	7.0	7.0	535.0	0.0	1.0	0.99	0.67	0.7	0.0	824	0.0	inf	1.0	1.0	1.0	0.36	0.42	0.504	1.0	1.0	1.0	0.31	0.475	0.604	0.59
PCI00C80	KL111	hq	PC0522	lasso	inf	6.91	1.0	0.36	1.0	0.43	12	33	0.00484	12.0	21.0	2445.0	0.0	1.0	0.99	0.53	0.6	6.0	8.0	535.0	0.0	1.0	0.99	0.6	0.65	0.0	998	0.0	inf	1.0	1.0	1.0	0.238	0.36	0.451	1.0	1.0	1.0	0.298	0.38	0.453	0.53
PCI50C50	KL111	hq	PC0572	lasso	inf	4.14	1.0	0.42	1.0	0.5	14	33	0.00565	14.0	19.0	2445.0	0.0	1.0	0.99	0.59	0.65	7.0	7.0	535.0	0.0	1.0	0.99	0.67	0.7	0.0	1191	0.0	inf	1.0	1.0	1.0	0.32	0.415	0.532	1.0	1.0	1.0	0.329	0.45	0.581	0.59
PCI50C80	KL111	hq	PC0575	lasso	inf	4.71	1.0	0.42	1.0	0.5	14	33	0.00565	14.0	19.0	2445.0	0.0	1.0	0.99	0.59	0.65	7.0	7.0	535.0	0.0	1.0	0.99	0.67	0.7	0.0	1289	0.0	inf	1.0	1.0	1.0	0.33	0.44	0.501	1.0	1.0	1.0	0.399	0.5	0.6	0.59
PCI80C50	KL111	hq	PC0692	lasso	inf	3.9	1.0	0.42	1.0	0.5	14	33	0.00565	14.0	19.0	2445.0	0.0	1.0	0.99	0.59	0.65	7.0	7.0	535.0	0.0	1.0	0.99	0.67	0.7	0.0	1543	0.0	inf	1.0	1.0	1.0	0.33	0.41	0.502	1.0	1.0	1.0	0.378	0.5	0.562	0.59
PCI80C80	KL111	hq	PC0696	lasso	inf	4.54	1.0	0.42	1.0	0.5	14	33	0.00565	14.0	19.0	2445.0	0.0	1.0	0.99	0.59	0.65	7.0	7.0	535.0	0.0	1.0	0.99	0.67	0.7	0.0	1587	0.0	inf	1.0	1.0	1.0	0.376	0.41	0.502	1.0	1.0	1.0	0.378	0.5	0.58	0.59
PCI00C50	KL122	hq	PC0343	lasso			0.23	0.25	0.13	0.18	22	20	0.00888	5.0	15.0	2441.0	17.0	0.99	0.99	0.24	0.23	2.0	9.0	525.0	13.0	0.98	0.96	0.15	0.14		824			0.09	0.25	0.33	0.099	0.28	0.31	0.1	0.18	0.203	0.119	0.22	0.254	0.24
PCI00C80	KL122	hq	PC0523	lasso			0.33	0.2	0.11	0.09	12	20	0.00484	4.0	16.0	2450.0	8.0	1.0	0.99	0.25	0.25	1.0	10.0	530.0	8.0	0.99	0.97	0.1	0.08		998			0.19	0.33	0.505	0.076	0.195	0.254	0.114	0.17	0.254	0.086	0.11	0.14	0.25
PCI50C50	KL122	hq	PC0967	lasso			1.0	0.25	1.0	0.18	5	20	0.00202	5.0	15.0	2458.0	0.0	1.0	0.99	0.4	0.5	2.0	9.0	538.0	0.0	1.0	0.98	0.31	0.42		1191			1.0	1.0	1.0	0.17	0.24	0.382	1.0	1.0	1.0	0.12	0.235	0.292	0.4
PCI50C80	KL122	hq	PC1039	lasso			1.0	0.25	1.0	0.18	5	20	0.00202	5.0	15.0	2458.0	0.0	1.0	0.99	0.4	0.5	2.0	9.0	538.0	0.0	1.0	0.98	0.31	0.42		1289			1.0	1.0	1.0	0.09	0.26	0.361	1.0	1.0	1.0	0.11	0.22	0.334	0.4
PCI80C50	KL122	hq	PC0305	lasso	inf	10.4	0.29	0.7	0.56	0.91	49	20	0.0198	14.0	6.0	2423.0	35.0	0.99	0.98	0.41	0.44	10.0	1.0	530.0	8.0	0.99	0.98	0.69	0.7	0.0	1543	0.0	inf	0.24	0.3	0.372	0.62	0.73	0.831	0.43	0.53	0.67	0.852	0.895	1.0	0.41
PCI80C80	KL122	hq	PC0305	lasso	inf	5.69	0.29	0.7	0.56	0.91	49	20	0.0198	14.0	6.0	2423.0	35.0	0.99	0.98	0.41	0.44	10.0	1.0	530.0	8.0	0.99	0.98	0.69	0.7	0.0	1587	0.0	inf	0.248	0.3	0.37	0.638	0.72	0.795	0.468	0.535	0.62	0.778	0.89	1.0	0.41
PCI00C50	KL125	hq	PC0224	lasso	inf	5.4	0.58	0.9	0.52	0.93	33	21	0.0133	19.0	2.0	2443.0	14.0	0.99	0.99	0.71	0.72	13.0	1.0	523.0	12.0	0.98	0.98	0.67	0.69	0.0	824	0.0	inf	0.5	0.555	0.65	0.848	0.915	1.0	0.438	0.53	0.622	0.879	0.91	1.0	0.71
PCI00C80	KL125	hq	PC0255	lasso	inf	11.9	0.6	0.86	0.55	0.86	30	21	0.0121	18.0	3.0	2445.0	12.0	1.0	0.99	0.71	0.71	12.0	2.0	525.0	10.0	0.98	0.98	0.67	0.67	0.0	998	0.0	inf	0.528	0.585	0.681	0.769	0.85	0.883	0.527	0.57	0.644	0.78	0.82	0.901	0.71
PCI50C50	KL125	hq	PC0295	lasso	inf	5.3	0.61	0.9	0.57	0.93	31	21	0.0125	19.0	2.0	2445.0	12.0	1.0	0.99	0.73	0.74	13.0	1.0	525.0	10.0	0.98	0.98	0.71	0.72	0.0	1191	0.0	inf	0.518	0.62	0.699	0.866	0.92	1.0	0.465	0.575	0.629	0.879	0.9	1.0	0.73
PCI50C80	KL125	hq	PC0296	lasso	inf	5.23	0.6	0.86	0.55	0.86	30	21	0.0121	18.0	3.0	2445.0	12.0	1.0	0.99	0.71	0.71	12.0	2.0	525.0	10.0	0.98	0.98	0.67	0.67	0.0	1289	0.0	inf	0.468	0.565	0.63	0.748	0.84	0.934	0.417	0.525	0.6	0.746	0.825	0.924	0.71
PCI80C50	KL125	hq	PC0499	lasso	inf	5.98	0.71	0.71	0.67	0.71	21	21	0.00847	15.0	6.0	2451.0	6.0	1.0	1.0	0.71	0.71	10.0	4.0	530.0	5.0	0.99	0.98	0.69	0.68	0.0	1543	0.0	inf	0.599	0.72	0.8	0.545	0.72	0.863	0.557	0.67	0.772	0.56	0.69	0.861	0.71
PCI80C80	KL125	hq	PC0490	lasso	inf	6.36	0.71	0.71	0.67	0.71	21	21	0.00847	15.0	6.0	2451.0	6.0	1.0	1.0	0.71	0.71	10.0	4.0	530.0	5.0	0.99	0.98	0.69	0.68	0.0	1587	0.0	inf	0.497	0.69	0.773	0.566	0.71	0.792	0.497	0.655	0.752	0.566	0.7	0.801	0.71
PCI00C50	KL127	hq	PC0306	lasso	inf	3.06	0.21	0.23	0.38	0.3	29	26	0.0117	6.0	20.0	2429.0	23.0	0.99	0.98	0.22	0.21	3.0	7.0	535.0	5.0	0.99	0.98	0.34	0.32	0.0	824	0.0	inf	0.148	0.23	0.311	0.13	0.25	0.33	0.29	0.39	0.434	0.215	0.33	0.434	0.22
PCI00C80	KL127	hq	PC0716	lasso	inf	9.23	0.71	0.19	1.0	0.2	7	26	0.00282	5.0	21.0	2450.0	2.0	1.0	0.99	0.3	0.37	2.0	8.0	539.0	0.0	1.0	0.99	0.33	0.44	0.0	998	0.0	inf	0.5	0.67	1.0	0.108	0.19	0.271	1.0	1.0	1.0	0.168	0.22	0.292	0.3
PCI50C50	KL127	hq	PC0391	lasso	inf	6.97	0.33	0.35	0.4	0.6	27	26	0.0109	9.0	17.0	2434.0	18.0	0.99	0.99	0.34	0.33	6.0	4.0	530.0	9.0	0.98	0.98	0.48	0.48	0.0	1191	0.0	inf	0.268	0.33	0.402	0.25	0.36	0.464	0.269	0.42	0.504	0.428	0.56	0.67	0.34
PCI50C80	KL127	hq	PC0810	lasso	inf	16.3	0.71	0.19	1.0	0.2	7	26	0.00282	5.0	21.0	2450.0	2.0	1.0	0.99	0.3	0.37	2.0	8.0	539.0	0.0	1.0	0.99	0.33	0.44	0.0	1289	0.0	inf	0.5	0.73	1.0	0.11	0.18	0.252	1.0	1.0	1.0	0.11	0.21	0.252	0.3
PCI80C50	KL127	hq	PC0546	lasso	inf	13.2	0.5	0.35	0.75	0.6	18	26	0.00726	9.0	17.0	2443.0	9.0	1.0	0.99	0.41	0.41	6.0	4.0	537.0	2.0	1.0	0.99	0.67	0.67	0.0	1543	0.0	inf	0.418	0.485	0.643	0.27	0.33	0.442	0.6	0.8	1.0	0.428	0.535	0.716	0.41
PCI80C80	KL127	hq	PC1000	lasso	inf	19.2	0.71	0.19	1.0	0.2	7	26	0.00282	5.0	21.0	2450.0	2.0	1.0	0.99	0.3	0.37	2.0	8.0	539.0	0.0	1.0	0.99	0.33	0.44	0.0	1587	0.0	inf	0.5	0.67	1.0	0.118	0.21	0.291	0.975	1.0	1.0	0.139	0.22	0.33	0.3
PCI00C50	KL13	hq	PC0181	lasso	inf	6.68	0.21	0.65	0.5	0.67	71	23	0.0287	15.0	8.0	2399.0	56.0	0.98	0.97	0.32	0.36	12.0	6.0	519.0	12.0	0.98	0.97	0.57	0.56	0.0	824	0.0	inf	0.159	0.195	0.26	0.54	0.64	0.71	0.38	0.455	0.56	0.55	0.64	0.711	0.32
PCI00C80	KL13	hq	PC0188	lasso	inf	7.84	0.22	0.65	0.52	0.67	68	23	0.0274	15.0	8.0	2402.0	53.0	0.98	0.98	0.33	0.37	12.0	6.0	520.0	11.0	0.98	0.97	0.59	0.57	0.0	998	0.0	inf	0.158	0.21	0.29	0.538	0.64	0.772	0.378	0.47	0.6	0.55	0.645	0.802	0.33
PCI50C50	KL13	hq	PC0196	lasso	inf	7.46	0.21	0.65	0.5	0.67	71	23	0.0287	15.0	8.0	2399.0	56.0	0.98	0.97	0.32	0.36	12.0	6.0	519.0	12.0	0.98	0.97	0.57	0.56	0.0	1191	0.0	inf	0.18	0.22	0.26	0.588	0.67	0.792	0.42	0.475	0.533	0.578	0.695	0.781	0.32
PCI50C80	KL13	hq	PC0201	lasso	inf	7.35	0.22	0.65	0.52	0.67	68	23	0.0274	15.0	8.0	2402.0	53.0	0.98	0.98	0.33	0.37	12.0	6.0	520.0	11.0	0.98	0.97	0.59	0.57	0.0	1289	0.0	inf	0.167	0.22	0.29	0.564	0.64	0.691	0.383	0.47	0.561	0.573	0.64	0.751	0.33
PCI80C50	KL13	hq	PC0212	lasso	inf	8.01	0.21	0.65	0.5	0.67	70	23	0.0282	15.0	8.0	2400.0	55.0	0.98	0.97	0.32	0.36	12.0	6.0	519.0	12.0	0.98	0.97	0.57	0.56	0.0	1543	0.0	inf	0.12	0.205	0.273	0.457	0.64	0.793	0.329	0.445	0.613	0.459	0.67	0.734	0.32
PCI80C80	KL13	hq	PC0217	lasso	inf	8.25	0.22	0.65	0.52	0.67	68	23	0.0274	15.0	8.0	2402.0	53.0	0.98	0.98	0.33	0.37	12.0	6.0	520.0	11.0	0.98	0.97	0.59	0.57	0.0	1587	0.0	inf	0.16	0.235	0.3	0.566	0.67	0.79	0.436	0.515	0.58	0.536	0.69	0.773	0.33
PCI00C50	KL14	hq	PC0418	lasso	inf	3.93	0.53	0.24	0.5	0.45	15	33	0.00605	8.0	25.0	2438.0	7.0	1.0	0.99	0.33	0.35	5.0	6.0	533.0	5.0	0.99	0.98	0.47	0.47	0.0	824	0.0	inf	0.396	0.545	0.714	0.15	0.215	0.322	0.423	0.5	0.753	0.298	0.47	0.629	0.33
PCI00C80	KL14	hq	PC0301	lasso	inf	5.98	0.66	0.58	0.62	0.73	29	33	0.0117	19.0	14.0	2435.0	10.0	1.0	0.99	0.62	0.61	8.0	3.0	533.0	5.0	0.99	0.99	0.67	0.66	0.0	998	0.0	inf	0.528	0.67	0.752	0.466	0.58	0.712	0.56	0.67	0.781	0.665	0.8	1.0	0.62
PCI50C50	KL14	hq	PC0371	lasso	inf	6.71	0.83	0.61	0.67	0.73	24	33	0.00969	20.0	13.0	2441.0	4.0	1.0	0.99	0.7	0.71	8.0	3.0	534.0	4.0	0.99	0.99	0.7	0.69	0.0	1191	0.0	inf	0.728	0.8	0.93	0.498	0.63	0.73	0.598	0.7	0.88	0.7	0.78	0.896	0.7
PCI50C80	KL14	hq	PC0346	lasso	inf	2.93	0.66	0.58	0.62	0.73	29	33	0.0117	19.0	14.0	2435.0	10.0	1.0	0.99	0.62	0.61	8.0	3.0	533.0	5.0	0.99	0.99	0.67	0.66	0.0	1289	0.0	inf	0.589	0.67	0.734	0.48	0.57	0.671	0.579	0.655	0.802	0.668	0.75	0.886	0.62
PCI80C50	KL14	hq	PC0379	lasso	inf	3.71	0.67	0.61	0.62	0.73	30	33	0.0121	20.0	13.0	2435.0	10.0	1.0	0.99	0.64	0.63	8.0	3.0	533.0	5.0	0.99	0.99	0.67	0.66	0.0	1543	0.0	inf	0.558	0.67	0.781	0.5	0.585	0.7	0.56	0.655	0.78	0.668	0.765	0.896	0.64
PCI80C80	KL14	hq	PC0427	lasso	inf	4.16	0.82	0.55	0.67	0.73	22	33	0.00888	18.0	15.0	2441.0	4.0	1.0	0.99	0.66	0.66	8.0	3.0	534.0	4.0	0.99	0.99	0.7	0.69	0.0	1587	0.0	inf	0.729	0.83	0.911	0.45	0.53	0.622	0.617	0.74	0.88	0.617	0.78	0.896	0.66
PCI00C50	KL142	hq	PC0223	lasso	inf	3.58	0.15	0.64	0.18	0.6	47	11	0.019	7.0	4.0	2427.0	40.0	0.98	0.98	0.24	0.3	6.0	4.0	511.0	28.0	0.95	0.94	0.28	0.3	0.0	824	0.0	inf	0.088	0.165	0.212	0.425	0.62	0.832	0.116	0.185	0.232	0.425	0.62	0.803	0.24
PCI00C80	KL142	hq	PC0336	lasso	inf	4.13	0.28	0.64	0.35	0.6	25	11	0.0101	7.0	4.0	2449.0	18.0	0.99	0.99	0.39	0.42	6.0	4.0	528.0	11.0	0.98	0.97	0.44	0.45	0.0	998	0.0	inf	0.188	0.33	0.402	0.562	0.655	0.712	0.228	0.38	0.443	0.495	0.6	0.71	0.39
PCI50C50	KL142	hq	PC0497	lasso	inf	4.77	0.37	0.64	0.5	0.6	19	11	0.00767	7.0	4.0	2455.0	12.0	1.0	0.99	0.47	0.48	6.0	4.0	533.0	6.0	0.99	0.98	0.55	0.54	0.0	1191	0.0	inf	0.198	0.38	0.563	0.495	0.62	0.756	0.328	0.5	0.601	0.495	0.585	0.716	0.47
PCI50C80	KL142	hq	PC0497	lasso	inf	4.77	0.37	0.64	0.5	0.6	19	11	0.00767	7.0	4.0	2455.0	12.0	1.0	0.99	0.47	0.48	6.0	4.0	533.0	6.0	0.99	0.98	0.55	0.54	0.0	1289	0.0	inf	0.289	0.4	0.5	0.496	0.705	0.861	0.399	0.5	0.572	0.496	0.67	0.86	0.47
PCI80C50	KL142	hq	PC0596	lasso	inf	4.58	0.33	0.55	0.45	0.5	18	11	0.00726	6.0	5.0	2455.0	12.0	1.0	0.99	0.41	0.42	5.0	5.0	533.0	6.0	0.99	0.98	0.47	0.47	0.0	1543	0.0	inf	0.198	0.34	0.462	0.33	0.525	0.75	0.288	0.445	0.62	0.33	0.5	0.75	0.41
PCI80C80	KL142	hq	PC0598	lasso	inf	4.6	0.33	0.55	0.45	0.5	18	11	0.00726	6.0	5.0	2455.0	12.0	1.0	0.99	0.41	0.42	5.0	5.0	533.0	6.0	0.99	0.98	0.47	0.47	0.0	1587	0.0	inf	0.198	0.32	0.424	0.328	0.53	0.67	0.29	0.38	0.503	0.29	0.5	0.622	0.41
PCI00C50	KL15	hq	PC0693	lasso	inf	2.15	1.0	0.15	1.0	0.45	5	34	0.00202	5.0	29.0	2444.0	0.0	1.0	0.99	0.26	0.38	5.0	6.0	538.0	0.0	1.0	0.99	0.62	0.67	0.0	824	0.0	inf	1.0	1.0	1.0	0.06	0.19	0.24	1.0	1.0	1.0	0.14	0.44	0.62	0.26
PCI00C80	KL15	hq	PC0911	lasso			1.0	0.12	1.0	0.36	4	34	0.00161	4.0	30.0	2444.0	0.0	1.0	0.99	0.21	0.34	4.0	7.0	538.0	0.0	1.0	0.99	0.53	0.6		998			1.0	1.0	1.0	0.05	0.095	0.18	1.0	1.0	1.0	0.109	0.25	0.504	0.21
PCI50C50	KL15	hq	PC0532	lasso	inf	6.83	0.77	0.29	1.0	0.27	13	34	0.00525	10.0	24.0	2441.0	3.0	1.0	0.99	0.42	0.47	3.0	8.0	538.0	0.0	1.0	0.99	0.43	0.52	0.0	1191	0.0	inf	0.598	0.79	1.0	0.179	0.31	0.41	1.0	1.0	1.0	0.198	0.315	0.383	0.42
PCI50C80	KL15	hq	PC0531	lasso	inf	6.54	0.77	0.29	1.0	0.27	13	34	0.00525	10.0	24.0	2441.0	3.0	1.0	0.99	0.42	0.47	3.0	8.0	538.0	0.0	1.0	0.99	0.43	0.52	0.0	1289	0.0	inf	0.57	0.765	0.881	0.2	0.29	0.382	1.0	1.0	1.0	0.197	0.29	0.43	0.42
PCI80C50	KL15	hq	PC0628	lasso	inf	7.07	0.77	0.29	1.0	0.27	13	34	0.00525	10.0	24.0	2441.0	3.0	1.0	0.99	0.42	0.47	3.0	8.0	538.0	0.0	1.0	0.99	0.43	0.52	0.0	1543	0.0	inf	0.67	0.79	1.0	0.19	0.31	0.38	1.0	1.0	1.0	0.139	0.28	0.38	0.42
PCI80C80	KL15	hq	PC0641	lasso	inf	5.9	0.77	0.29	1.0	0.27	13	34	0.00525	10.0	24.0	2441.0	3.0	1.0	0.99	0.42	0.47	3.0	8.0	538.0	0.0	1.0	0.99	0.43	0.52	0.0	1587	0.0	inf	0.598	0.75	0.896	0.16	0.285	0.355	1.0	1.0	1.0	0.168	0.29	0.405	0.42
PCI00C50	KL16	hq	PC0670	lasso	inf	5.81	1.0	0.18	1.0	0.27	4	22	0.00161	4.0	18.0	2456.0	0.0	1.0	0.99	0.31	0.42	3.0	8.0	538.0	0.0	1.0	0.99	0.43	0.52	0.0	824	0.0	inf	1.0	1.0	1.0	0.109	0.2	0.301	1.0	1.0	1.0	0.136	0.25	0.43	0.31
PCI00C80	KL16	hq	PC0254	lasso	inf	2.53	0.29	0.45	0.32	0.64	35	22	0.0141	10.0	12.0	2431.0	25.0	0.99	0.99	0.35	0.35	7.0	4.0	523.0	15.0	0.97	0.97	0.43	0.43	0.0	998	0.0	inf	0.16	0.26	0.402	0.248	0.4	0.536	0.226	0.29	0.411	0.425	0.61	0.71	0.35
PCI50C50	KL16	hq	PC0766	lasso	inf	6.37	1.0	0.23	1.0	0.36	5	22	0.00202	5.0	17.0	2456.0	0.0	1.0	0.99	0.37	0.48	4.0	7.0	538.0	0.0	1.0	0.99	0.53	0.6	0.0	1191	0.0	inf	1.0	1.0	1.0	0.12	0.21	0.381	1.0	1.0	1.0	0.2	0.345	0.443	0.37
PCI50C80	KL16	hq	PC0774	lasso	inf	6.35	1.0	0.23	1.0	0.36	5	22	0.00202	5.0	17.0	2456.0	0.0	1.0	0.99	0.37	0.48	4.0	7.0	538.0	0.0	1.0	0.99	0.53	0.6	0.0	1289	0.0	inf	1.0	1.0	1.0	0.178	0.245	0.367	1.0	1.0	1.0	0.22	0.33	0.604	0.37
PCI80C50	KL16	hq	PC0915	lasso	inf	7.82	1.0	0.23	1.0	0.36	5	22	0.00202	5.0	17.0	2456.0	0.0	1.0	0.99	0.37	0.48	4.0	7.0	538.0	0.0	1.0	0.99	0.53	0.6	0.0	1543	0.0	inf	1.0	1.0	1.0	0.128	0.25	0.362	1.0	1.0	1.0	0.196	0.33	0.443	0.37
PCI80C80	KL16	hq	PC0974	lasso	inf	7.83	1.0	0.23	1.0	0.36	5	22	0.00202	5.0	17.0	2456.0	0.0	1.0	0.99	0.37	0.48	4.0	7.0	538.0	0.0	1.0	0.99	0.53	0.6	0.0	1587	0.0	inf	1.0	1.0	1.0	0.128	0.245	0.332	1.0	1.0	1.0	0.219	0.36	0.5	0.37
PCI00C50	KL2	hq	PC0462	lasso	inf	5.65	0.75	0.24	0.4	0.18	12	37	0.00484	9.0	28.0	2438.0	3.0	1.0	0.99	0.36	0.42	2.0	9.0	535.0	3.0	0.99	0.98	0.25	0.26	0.0	824	0.0	inf	0.619	0.75	0.862	0.178	0.265	0.332	0.4	0.5	0.67	0.2	0.235	0.292	0.36
PCI00C80	KL2	hq	PC0539	lasso	inf	6.67	0.82	0.24	0.5	0.18	11	37	0.00444	9.0	28.0	2439.0	2.0	1.0	0.99	0.37	0.44	2.0	9.0	536.0	2.0	1.0	0.98	0.26	0.29	0.0	998	0.0	inf	0.67	0.86	1.0	0.185	0.265	0.331	0.5	0.67	1.0	0.177	0.22	0.296	0.37
PCI50C50	KL2	hq	PC0408	lasso	inf	13.8	0.95	0.54	0.89	0.73	21	37	0.00847	20.0	17.0	2440.0	1.0	1.0	0.99	0.69	0.71	8.0	3.0	537.0	1.0	1.0	0.99	0.8	0.8	0.0	1191	0.0	inf	0.91	0.97	1.0	0.458	0.555	0.654	0.86	0.945	1.0	0.667	0.78	0.862	0.69
PCI50C80	KL2	hq	PC0429	lasso	inf	12.1	0.95	0.51	0.89	0.73	20	37	0.00807	19.0	18.0	2440.0	1.0	1.0	0.99	0.66	0.7	8.0	3.0	537.0	1.0	1.0	0.99	0.8	0.8	0.0	1289	0.0	inf	0.92	0.93	1.0	0.448	0.53	0.601	0.858	0.88	1.0	0.633	0.705	0.802	0.66
PCI80C50	KL2	hq	PC0557	lasso	inf	12.5	0.95	0.49	0.88	0.64	19	37	0.00767	18.0	19.0	2440.0	1.0	1.0	0.99	0.65	0.68	7.0	4.0	537.0	1.0	1.0	0.99	0.74	0.74	0.0	1543	0.0	inf	0.898	0.93	1.0	0.378	0.5	0.624	0.828	0.88	1.0	0.557	0.67	0.832	0.65
PCI80C80	KL2	hq	PC0592	lasso	inf	9.28	0.94	0.46	0.88	0.64	18	37	0.00726	17.0	20.0	2440.0	1.0	1.0	0.99	0.62	0.66	7.0	4.0	537.0	1.0	1.0	0.99	0.74	0.74	0.0	1587	0.0	inf	0.89	0.925	1.0	0.357	0.48	0.55	0.798	0.88	1.0	0.498	0.63	0.861	0.62
PCI00C50	KL21	hq	PC0190	lasso	inf	1.82	0.64	0.76	0.35	0.69	59	50	0.0238	38.0	12.0	2407.0	21.0	0.99	0.99	0.69	0.69	9.0	4.0	519.0	17.0	0.97	0.96	0.46	0.47	0.0	824	0.0	inf	0.589	0.64	0.714	0.69	0.76	0.84	0.238	0.37	0.5	0.557	0.715	0.834	0.69
PCI00C80	KL21	hq	PC0200	lasso	inf	1.88	0.67	0.76	0.38	0.69	57	50	0.023	38.0	12.0	2409.0	19.0	0.99	0.99	0.71	0.71	9.0	4.0	521.0	15.0	0.97	0.97	0.49	0.49	0.0	998	0.0	inf	0.58	0.65	0.72	0.68	0.75	0.86	0.308	0.405	0.5	0.569	0.73	0.8	0.71
PCI50C50	KL21	hq	PC0216	lasso	inf	1.69	0.67	0.76	0.36	0.69	57	50	0.023	38.0	12.0	2409.0	19.0	0.99	0.99	0.71	0.71	9.0	4.0	520.0	16.0	0.97	0.96	0.47	0.48	0.0	1191	0.0	inf	0.649	0.7	0.76	0.688	0.76	0.813	0.316	0.41	0.535	0.542	0.7	0.881	0.71
PCI50C80	KL21	hq	PC0218	lasso	inf	1.66	0.68	0.76	0.38	0.69	56	50	0.0226	38.0	12.0	2410.0	18.0	0.99	0.99	0.72	0.71	9.0	4.0	521.0	15.0	0.97	0.97	0.49	0.49	0.0	1289	0.0	inf	0.619	0.66	0.712	0.69	0.785	0.881	0.32	0.4	0.502	0.595	0.73	1.0	0.72
PCI80C50	KL21	hq	PC0263	lasso	inf	3.11	0.65	0.72	0.33	0.62	55	50	0.0222	36.0	14.0	2409.0	19.0	0.99	0.99	0.68	0.68	8.0	5.0	520.0	16.0	0.97	0.96	0.43	0.44	0.0	1543	0.0	inf	0.56	0.65	0.71	0.65	0.695	0.791	0.288	0.385	0.43	0.5	0.6	0.783	0.68
PCI80C80	KL21	hq	PC0257	lasso	inf	2.48	0.65	0.72	0.33	0.62	55	50	0.0222	36.0	14.0	2409.0	19.0	0.99	0.99	0.68	0.68	8.0	5.0	520.0	16.0	0.97	0.96	0.43	0.44	0.0	1587	0.0	inf	0.569	0.655	0.712	0.649	0.74	0.791	0.29	0.39	0.47	0.555	0.64	0.704	0.68
PCI00C50	KL22	hq	PC0188	lasso	inf	3.87	0.54	0.6	0.48	0.65	59	53	0.0238	32.0	21.0	2398.0	27.0	0.99	0.98	0.57	0.56	11.0	6.0	520.0	12.0	0.98	0.97	0.55	0.54	0.0	824	0.0	inf	0.479	0.545	0.65	0.528	0.63	0.682	0.408	0.47	0.56	0.5	0.705	0.824	0.57
PCI00C80	KL22	hq	PC0210	lasso	inf	3.39	0.54	0.57	0.5	0.65	56	53	0.0226	30.0	23.0	2399.0	26.0	0.99	0.98	0.55	0.54	11.0	6.0	521.0	11.0	0.98	0.97	0.57	0.55	0.0	998	0.0	inf	0.468	0.545	0.605	0.54	0.57	0.67	0.438	0.5	0.562	0.598	0.67	0.75	0.55
PCI50C50	KL22	hq	PC0207	lasso	inf	3.47	0.54	0.6	0.48	0.65	59	53	0.0238	32.0	21.0	2398.0	27.0	0.99	0.98	0.57	0.56	11.0	6.0	520.0	12.0	0.98	0.97	0.55	0.54	0.0	1191	0.0	inf	0.488	0.55	0.61	0.528	0.61	0.681	0.43	0.47	0.53	0.62	0.67	0.82	0.57
PCI50C80	KL22	hq	PC0223	lasso	inf	3.2	0.54	0.57	0.5	0.65	56	53	0.0226	30.0	23.0	2399.0	26.0	0.99	0.98	0.55	0.54	11.0	6.0	521.0	11.0	0.98	0.97	0.57	0.55	0.0	1289	0.0	inf	0.488	0.545	0.621	0.518	0.585	0.67	0.409	0.515	0.56	0.54	0.7	0.82	0.55
PCI80C50	KL22	hq	PC0274	lasso	inf	4.49	0.51	0.51	0.48	0.59	53	53	0.0214	27.0	26.0	2399.0	26.0	0.99	0.98	0.51	0.5	10.0	7.0	521.0	11.0	0.98	0.97	0.53	0.51	0.0	1543	0.0	inf	0.439	0.515	0.62	0.43	0.495	0.57	0.378	0.5	0.622	0.568	0.64	0.731	0.51
PCI80C80	KL22	hq	PC0280	lasso	inf	4.37	0.5	0.49	0.48	0.59	52	53	0.021	26.0	27.0	2399.0	26.0	0.99	0.98	0.49	0.48	10.0	7.0	521.0	11.0	0.98	0.97	0.53	0.51	0.0	1587	0.0	inf	0.448	0.5	0.59	0.418	0.495	0.56	0.396	0.47	0.532	0.46	0.61	0.731	0.49
PCI00C50	KL24	hq	PC0274	lasso			0.79	0.36	0.5	0.06	38	83	0.0153	30.0	53.0	2387.0	8.0	1.0	0.98	0.49	0.52	1.0	15.0	532.0	1.0	1.0	0.97	0.11	0.17		824			0.64	0.785	0.833	0.288	0.36	0.47	0.5	0.5	1.0	0.07	0.08	0.101	0.49
PCI00C80	KL24	hq	PC0295	lasso			0.79	0.36	0.5	0.06	38	83	0.0153	30.0	53.0	2387.0	8.0	1.0	0.98	0.49	0.52	1.0	15.0	532.0	1.0	1.0	0.97	0.11	0.17		998			0.72	0.795	0.88	0.299	0.38	0.43	0.5	0.5	1.0	0.07	0.08	0.101	0.49
PCI50C50	KL24	hq	PC0182	lasso	inf	6.85	0.65	0.6	0.41	0.56	77	83	0.0311	50.0	33.0	2368.0	27.0	0.99	0.98	0.62	0.61	9.0	7.0	523.0	13.0	0.98	0.96	0.47	0.46	0.0	1191	0.0	inf	0.579	0.66	0.691	0.52	0.595	0.661	0.328	0.41	0.472	0.4	0.56	0.62	0.62
PCI50C80	KL24	hq	PC0187	lasso	inf	7.52	0.66	0.59	0.43	0.56	74	83	0.0299	49.0	34.0	2370.0	25.0	0.99	0.98	0.62	0.61	9.0	7.0	523.0	12.0	0.98	0.97	0.49	0.47	0.0	1289	0.0	inf	0.609	0.655	0.742	0.537	0.575	0.631	0.33	0.45	0.502	0.428	0.545	0.673	0.62
PCI80C50	KL24	hq	PC0217	lasso	inf	9.36	0.8	0.61	0.77	0.62	64	83	0.0258	51.0	32.0	2382.0	13.0	0.99	0.98	0.69	0.69	10.0	6.0	530.0	3.0	0.99	0.98	0.69	0.69	0.0	1543	0.0	inf	0.738	0.785	0.85	0.55	0.62	0.671	0.667	0.75	0.891	0.498	0.59	0.752	0.69
PCI80C80	KL24	hq	PC0224	lasso	inf	9.65	0.79	0.59	0.69	0.56	62	83	0.025	49.0	34.0	2382.0	13.0	0.99	0.98	0.68	0.67	9.0	7.0	530.0	4.0	0.99	0.98	0.62	0.61	0.0	1587	0.0	inf	0.72	0.78	0.83	0.529	0.56	0.652	0.598	0.685	0.783	0.38	0.545	0.67	0.68
PCI00C50	KL25	hq	PC0279	lasso	inf	5.29	0.8	0.53	0.86	0.6	35	53	0.0141	28.0	25.0	2418.0	7.0	1.0	0.99	0.64	0.64	6.0	4.0	538.0	1.0	1.0	0.99	0.71	0.71	0.0	824	0.0	inf	0.74	0.81	0.882	0.467	0.52	0.631	0.6	0.75	1.0	0.43	0.53	0.672	0.64
PCI00C80	KL25	hq	PC0170	lasso	inf	4.8	0.53	0.68	0.44	0.7	68	53	0.0274	36.0	17.0	2393.0	32.0	0.99	0.98	0.6	0.59	7.0	3.0	530.0	9.0	0.98	0.98	0.54	0.54	0.0	998	0.0	inf	0.459	0.51	0.571	0.598	0.655	0.732	0.33	0.42	0.503	0.557	0.67	0.754	0.6
PCI50C50	KL25	hq	PC0229	lasso	inf	4.83	0.65	0.58	0.54	0.7	48	53	0.0194	31.0	22.0	2408.0	17.0	0.99	0.98	0.61	0.61	7.0	3.0	533.0	6.0	0.99	0.98	0.61	0.61	0.0	1191	0.0	inf	0.53	0.635	0.711	0.488	0.58	0.671	0.38	0.5	0.672	0.428	0.645	0.86	0.61
PCI50C80	KL25	hq	PC0392	lasso	inf	4.77	0.79	0.42	1.0	0.6	28	53	0.0113	22.0	31.0	2419.0	6.0	1.0	0.99	0.55	0.56	6.0	4.0	539.0	0.0	1.0	0.99	0.75	0.77	0.0	1289	0.0	inf	0.689	0.785	0.891	0.319	0.42	0.5	0.75	0.915	1.0	0.378	0.53	0.67	0.55
PCI80C50	KL25	hq	PC0281	lasso	inf	4.25	0.64	0.57	0.5	0.6	47	53	0.019	30.0	23.0	2408.0	17.0	0.99	0.98	0.6	0.59	6.0	4.0	533.0	6.0	0.99	0.98	0.55	0.54	0.0	1543	0.0	inf	0.588	0.64	0.72	0.45	0.575	0.661	0.328	0.5	0.6	0.378	0.585	0.83	0.6
PCI80C80	KL25	hq	PC0438	lasso	inf	5.15	0.79	0.42	1.0	0.6	28	53	0.0113	22.0	31.0	2419.0	6.0	1.0	0.99	0.55	0.56	6.0	4.0	539.0	0.0	1.0	0.99	0.75	0.77	0.0	1587	0.0	inf	0.71	0.775	0.89	0.338	0.42	0.481	0.75	1.0	1.0	0.43	0.6	0.624	0.55
PCI00C50	KL28	hq	PC0208	lasso	inf	5.49	0.77	0.82	0.62	1.0	47	44	0.019	36.0	8.0	2423.0	11.0	1.0	0.99	0.79	0.79	10.0	0.0	533.0	6.0	0.99	0.99	0.77	0.79	0.0	824	0.0	inf	0.697	0.75	0.832	0.758	0.805	0.881	0.569	0.63	0.824	0.883	1.0	1.0	0.79
PCI00C80	KL28	hq	PC0303	lasso	inf	5.78	0.88	0.64	0.9	0.9	32	44	0.0129	28.0	16.0	2430.0	4.0	1.0	0.99	0.74	0.74	9.0	1.0	538.0	1.0	1.0	1.0	0.9	0.9	0.0	998	0.0	inf	0.828	0.885	0.912	0.539	0.65	0.711	0.879	1.0	1.0	0.78	0.885	1.0	0.74
PCI50C50	KL28	hq	PC0256	lasso	inf	6.14	0.84	0.82	0.71	1.0	43	44	0.0174	36.0	8.0	2427.0	7.0	1.0	0.99	0.83	0.82	10.0	0.0	535.0	4.0	0.99	0.99	0.83	0.84	0.0	1191	0.0	inf	0.75	0.85	0.901	0.748	0.79	0.882	0.667	0.8	0.905	0.857	1.0	1.0	0.83
PCI50C80	KL28	hq	PC0355	lasso	inf	5.03	0.88	0.64	0.9	0.9	32	44	0.0129	28.0	16.0	2430.0	4.0	1.0	0.99	0.74	0.74	9.0	1.0	538.0	1.0	1.0	1.0	0.9	0.9	0.0	1289	0.0	inf	0.82	0.86	0.94	0.558	0.62	0.712	0.828	0.89	1.0	0.67	0.88	1.0	0.74
PCI80C50	KL28	hq	PC0315	lasso	inf	5.05	0.78	0.64	0.67	1.0	36	44	0.0145	28.0	16.0	2426.0	8.0	1.0	0.99	0.7	0.7	10.0	0.0	534.0	5.0	0.99	0.99	0.8	0.81	0.0	1543	0.0	inf	0.69	0.78	0.871	0.518	0.65	0.713	0.598	0.74	0.905	0.665	0.885	1.0	0.7
PCI80C80	KL28	hq	PC0543	lasso	inf	4.36	0.85	0.39	1.0	0.4	20	44	0.00807	17.0	27.0	2431.0	3.0	1.0	0.99	0.53	0.57	4.0	6.0	539.0	0.0	1.0	0.99	0.57	0.63	0.0	1587	0.0	inf	0.79	0.86	0.921	0.329	0.39	0.444	1.0	1.0	1.0	0.33	0.415	0.44	0.53
PCI00C50	KL3	hq	PC0260	lasso	inf	1.19	0.57	0.41	0.17	0.08	42	58	0.0169	24.0	34.0	2402.0	18.0	0.99	0.98	0.48	0.48	1.0	11.0	532.0	5.0	0.99	0.97	0.11	0.1	0.0	824	0.0	inf	0.518	0.59	0.682	0.34	0.415	0.502	0.17	0.2	0.254	0.09	0.11	0.14	0.48
PCI00C80	KL3	hq	PC0318	lasso	inf	3.86	0.78	0.43	0.4	0.17	32	58	0.0129	25.0	33.0	2413.0	7.0	1.0	0.98	0.55	0.57	2.0	10.0	534.0	3.0	0.99	0.98	0.24	0.25	0.0	998	0.0	inf	0.72	0.765	0.893	0.359	0.425	0.49	0.25	0.4	0.5	0.09	0.2	0.224	0.55
PCI50C50	KL3	hq	PC0335	lasso	inf	1.24	0.87	0.59	0.64	0.58	39	58	0.0157	34.0	24.0	2415.0	5.0	1.0	0.99	0.7	0.71	7.0	5.0	533.0	4.0	0.99	0.98	0.61	0.6	0.0	1191	0.0	inf	0.829	0.88	0.95	0.51	0.57	0.69	0.569	0.67	0.83	0.396	0.55	0.704	0.7
PCI50C80	KL3	hq	PC0336	lasso	inf	1.52	0.87	0.57	0.6	0.5	38	58	0.0153	33.0	25.0	2415.0	5.0	1.0	0.99	0.69	0.7	6.0	6.0	533.0	4.0	0.99	0.98	0.55	0.54	0.0	1289	0.0	inf	0.829	0.87	0.931	0.49	0.59	0.642	0.492	0.62	0.753	0.353	0.5	0.62	0.69
PCI80C50	KL3	hq	PC0362	lasso	inf	1.41	0.87	0.59	0.64	0.58	39	58	0.0157	34.0	24.0	2415.0	5.0	1.0	0.99	0.7	0.71	7.0	5.0	533.0	4.0	0.99	0.98	0.61	0.6	0.0	1543	0.0	inf	0.799	0.85	0.92	0.51	0.59	0.662	0.495	0.61	0.75	0.33	0.57	0.753	0.7
PCI80C80	KL3	hq	PC0367	lasso	inf	6.92	0.87	0.57	0.6	0.5	38	58	0.0153	33.0	25.0	2415.0	5.0	1.0	0.99	0.69	0.7	6.0	6.0	533.0	4.0	0.99	0.98	0.55	0.54	0.0	1587	0.0	inf	0.849	0.885	0.95	0.509	0.585	0.642	0.56	0.71	0.832	0.438	0.5	0.62	0.69
PCI00C50	KL30	hq	PC0104	lasso	inf	2.88	0.26	0.54	0.21	0.67	149	70	0.0601	38.0	32.0	2297.0	111.0	0.95	0.94	0.35	0.35	16.0	8.0	465.0	60.0	0.89	0.88	0.32	0.33	0.0	824	0.0	inf	0.21	0.255	0.301	0.49	0.54	0.6	0.17	0.22	0.27	0.606	0.67	0.757	0.35
PCI00C80	KL30	hq	PC0125	lasso	inf	2.34	0.29	0.49	0.22	0.62	118	70	0.0476	34.0	36.0	2324.0	84.0	0.97	0.95	0.36	0.35	15.0	9.0	473.0	52.0	0.9	0.89	0.32	0.33	0.0	998	0.0	inf	0.24	0.29	0.321	0.44	0.49	0.551	0.19	0.24	0.26	0.549	0.64	0.722	0.36
PCI50C50	KL30	hq	PC0204	lasso	inf	7.26	0.62	0.57	0.55	0.75	65	70	0.0262	40.0	30.0	2383.0	25.0	0.99	0.98	0.59	0.58	18.0	6.0	510.0	15.0	0.97	0.96	0.63	0.62	0.0	1191	0.0	inf	0.566	0.62	0.69	0.478	0.585	0.641	0.449	0.575	0.682	0.598	0.73	0.803	0.59
PCI50C80	KL30	hq	PC0209	lasso	inf	7.64	0.6	0.51	0.53	0.71	60	70	0.0242	36.0	34.0	2384.0	24.0	0.99	0.98	0.55	0.54	17.0	7.0	510.0	15.0	0.97	0.96	0.61	0.59	0.0	1289	0.0	inf	0.54	0.585	0.71	0.43	0.51	0.58	0.458	0.53	0.586	0.628	0.71	0.75	0.55
PCI80C50	KL30	hq	PC0241	lasso	inf	4.0	0.59	0.49	0.48	0.58	58	70	0.0234	34.0	36.0	2384.0	24.0	0.99	0.98	0.54	0.52	14.0	10.0	510.0	15.0	0.97	0.95	0.53	0.51	0.0	1543	0.0	inf	0.529	0.61	0.722	0.449	0.49	0.551	0.43	0.52	0.612	0.5	0.595	0.651	0.54
PCI80C80	KL30	hq	PC0270	lasso	inf	3.84	0.57	0.43	0.46	0.54	53	70	0.0214	30.0	40.0	2385.0	23.0	0.99	0.97	0.49	0.48	13.0	11.0	510.0	15.0	0.97	0.95	0.5	0.48	0.0	1587	0.0	inf	0.478	0.565	0.67	0.379	0.445	0.51	0.369	0.45	0.581	0.439	0.5	0.631	0.49
PCI00C50	KL35	hq	PC0403	lasso	inf	3.43	0.24	0.17	0.15	0.14	17	24	0.00686	4.0	20.0	2441.0	13.0	0.99	0.99	0.2	0.19	2.0	12.0	524.0	11.0	0.98	0.96	0.14	0.13	0.0	824	0.0	inf	0.133	0.22	0.361	0.114	0.17	0.242	0.086	0.17	0.254	0.086	0.16	0.252	0.2
PCI00C80	KL35	hq	PC0121	lasso	inf	3.54	0.17	0.83	0.25	0.79	116	24	0.0468	20.0	4.0	2358.0	96.0	0.96	0.96	0.28	0.37	11.0	3.0	502.0	33.0	0.94	0.93	0.38	0.42	0.0	998	0.0	inf	0.13	0.18	0.21	0.768	0.815	0.88	0.169	0.25	0.28	0.696	0.77	0.833	0.28
PCI50C50	KL35	hq	PC0511	lasso	inf	5.46	0.71	0.42	0.67	0.29	14	24	0.00565	10.0	14.0	2450.0	4.0	1.0	0.99	0.53	0.54	4.0	10.0	533.0	2.0	1.0	0.98	0.4	0.43	0.0	1191	0.0	inf	0.598	0.7	0.832	0.309	0.425	0.545	0.5	0.67	0.8	0.218	0.315	0.5	0.53
PCI50C80	KL35	hq	PC0528	lasso	inf	5.26	0.71	0.42	0.67	0.29	14	24	0.00565	10.0	14.0	2450.0	4.0	1.0	0.99	0.53	0.54	4.0	10.0	533.0	2.0	1.0	0.98	0.4	0.43	0.0	1289	0.0	inf	0.5	0.7	0.88	0.283	0.38	0.472	0.492	0.635	0.8	0.215	0.3	0.36	0.53
PCI80C50	KL35	hq	PC0852	lasso	inf	6.37	1.0	0.33	1.0	0.21	8	24	0.00323	8.0	16.0	2454.0	0.0	1.0	0.99	0.5	0.58	3.0	11.0	535.0	0.0	1.0	0.98	0.35	0.46	0.0	1543	0.0	inf	1.0	1.0	1.0	0.29	0.34	0.475	1.0	1.0	1.0	0.17	0.27	0.335	0.5
PCI80C80	KL35	hq	PC0875	lasso	inf	6.39	1.0	0.33	1.0	0.21	8	24	0.00323	8.0	16.0	2454.0	0.0	1.0	0.99	0.5	0.58	3.0	11.0	535.0	0.0	1.0	0.98	0.35	0.46	0.0	1587	0.0	inf	1.0	1.0	1.0	0.18	0.325	0.403	1.0	1.0	1.0	0.18	0.25	0.33	0.5
PCI00C50	KL38	hq	PC0620	lasso			0.29	0.07	0.2	0.09	7	27	0.00282	2.0	25.0	2446.0	5.0	1.0	0.99	0.11	0.14	1.0	10.0	534.0	4.0	0.99	0.97	0.12	0.12		824			0.0	0.31	0.5	0.0	0.06	0.12	0.0	0.25	0.5	0.0	0.11	0.142	0.11
PCI00C80	KL38	hq	PC0174	lasso			0.1	0.22	0.36	0.36	59	27	0.0238	6.0	21.0	2398.0	53.0	0.98	0.97	0.14	0.14	4.0	7.0	531.0	7.0	0.99	0.97	0.36	0.35		998			0.07	0.1	0.15	0.148	0.23	0.322	0.288	0.39	0.5	0.2	0.37	0.57	0.14
PCI50C50	KL38	hq	PC0794	lasso			0.86	0.22	0.8	0.36	7	27	0.00282	6.0	21.0	2450.0	1.0	1.0	0.99	0.35	0.43	4.0	7.0	537.0	1.0	1.0	0.99	0.5	0.53		1191			0.75	0.815	1.0	0.156	0.235	0.271	0.746	0.75	1.0	0.197	0.38	0.443	0.35
PCI50C80	KL38	hq	PC0827	lasso	inf	4.71	0.86	0.22	0.8	0.36	7	27	0.00282	6.0	21.0	2450.0	1.0	1.0	0.99	0.35	0.43	4.0	7.0	537.0	1.0	1.0	0.99	0.5	0.53	0.0	1289	0.0	inf	0.662	0.8	1.0	0.09	0.21	0.314	0.662	0.8	1.0	0.11	0.33	0.5	0.35
PCI80C50	KL38	hq	PC0985	lasso	inf	3.32	0.86	0.22	0.8	0.36	7	27	0.00282	6.0	21.0	2450.0	1.0	1.0	0.99	0.35	0.43	4.0	7.0	537.0	1.0	1.0	0.99	0.5	0.53	0.0	1543	0.0	inf	0.67	0.8	1.0	0.137	0.235	0.295	0.67	0.75	1.0	0.196	0.355	0.572	0.35
PCI80C80	KL38	hq	PC1083	lasso	inf	6.19	0.86	0.22	0.8	0.36	7	27	0.00282	6.0	21.0	2450.0	1.0	1.0	0.99	0.35	0.43	4.0	7.0	537.0	1.0	1.0	0.99	0.5	0.53	0.0	1587	0.0	inf	0.662	0.8	0.867	0.136	0.19	0.3	0.662	0.75	0.81	0.196	0.315	0.5	0.35
PCI00C50	KL39	hq	PC0247	lasso	inf	2.73	0.48	0.55	0.14	0.15	46	40	0.0186	22.0	18.0	2414.0	24.0	0.99	0.98	0.51	0.5	2.0	11.0	524.0	12.0	0.98	0.96	0.14	0.13	0.0	824	0.0	inf	0.41	0.475	0.533	0.45	0.58	0.621	0.138	0.18	0.22	0.146	0.22	0.29	0.51
PCI00C80	KL39	hq	PC0283	lasso			0.54	0.55	0.17	0.15	41	40	0.0165	22.0	18.0	2419.0	19.0	0.99	0.99	0.54	0.54	2.0	11.0	526.0	10.0	0.98	0.96	0.16	0.14		998			0.515	0.555	0.651	0.458	0.56	0.622	0.138	0.21	0.296	0.09	0.2	0.25	0.54
PCI50C50	KL39	hq	PC0369	lasso			0.64	0.52	0.33	0.15	33	40	0.0133	21.0	19.0	2426.0	12.0	1.0	0.99	0.57	0.57	2.0	11.0	532.0	4.0	0.99	0.97	0.21	0.21		1191			0.56	0.625	0.731	0.47	0.535	0.672	0.25	0.365	0.509	0.09	0.19	0.224	0.57
PCI50C80	KL39	hq	PC0365	lasso			0.64	0.52	0.33	0.15	33	40	0.0133	21.0	19.0	2426.0	12.0	1.0	0.99	0.57	0.57	2.0	11.0	532.0	4.0	0.99	0.97	0.21	0.21		1289			0.53	0.64	0.702	0.428	0.51	0.621	0.2	0.33	0.5	0.08	0.145	0.292	0.57
PCI80C50	KL39	hq	PC0411	lasso			0.66	0.52	0.4	0.15	32	40	0.0129	21.0	19.0	2427.0	11.0	1.0	0.99	0.58	0.58	2.0	11.0	533.0	3.0	0.99	0.97	0.22	0.24		1543			0.589	0.67	0.712	0.478	0.56	0.622	0.25	0.45	0.5	0.09	0.2	0.222	0.58
PCI80C80	KL39	hq	PC0410	lasso			0.66	0.52	0.4	0.15	32	40	0.0129	21.0	19.0	2427.0	11.0	1.0	0.99	0.58	0.58	2.0	11.0	533.0	3.0	0.99	0.97	0.22	0.24		1587			0.587	0.67	0.753	0.426	0.54	0.624	0.25	0.5	1.0	0.109	0.175	0.258	0.58
PCI00C50	KL47	hq	PC0706	lasso	inf	2.71	1.0	0.36	1.0	0.36	5	14	0.00202	5.0	9.0	2464.0	0.0	1.0	1.0	0.53	0.6	4.0	7.0	538.0	0.0	1.0	0.99	0.53	0.6	0.0	824	0.0	inf	1.0	1.0	1.0	0.244	0.345	0.443	1.0	1.0	1.0	0.198	0.33	0.434	0.53
PCI00C80	KL47	hq	PC0798	lasso	inf	0.722	1.0	0.36	1.0	0.36	5	14	0.00202	5.0	9.0	2464.0	0.0	1.0	1.0	0.53	0.6	4.0	7.0	538.0	0.0	1.0	0.99	0.53	0.6	0.0	998	0.0	inf	1.0	1.0	1.0	0.198	0.345	0.5	1.0	1.0	1.0	0.219	0.355	0.5	0.53
PCI50C50	KL47	hq	PC0953	lasso	inf	5.24	1.0	0.36	1.0	0.36	5	14	0.00202	5.0	9.0	2464.0	0.0	1.0	1.0	0.53	0.6	4.0	7.0	538.0	0.0	1.0	0.99	0.53	0.6	0.0	1191	0.0	inf	1.0	1.0	1.0	0.246	0.36	0.504	1.0	1.0	1.0	0.248	0.345	0.57	0.53
PCI50C80	KL47	hq	PC1038	lasso	inf	5.27	1.0	0.36	1.0	0.36	5	14	0.00202	5.0	9.0	2464.0	0.0	1.0	1.0	0.53	0.6	4.0	7.0	538.0	0.0	1.0	0.99	0.53	0.6	0.0	1289	0.0	inf	1.0	1.0	1.0	0.215	0.33	0.452	1.0	1.0	1.0	0.218	0.33	0.44	0.53
PCI80C50	KL47	hq	PC1221	lasso	inf	11.0	1.0	0.36	1.0	0.36	5	14	0.00202	5.0	9.0	2464.0	0.0	1.0	1.0	0.53	0.6	4.0	7.0	538.0	0.0	1.0	0.99	0.53	0.6	0.0	1543	0.0	inf	1.0	1.0	1.0	0.216	0.38	0.62	1.0	1.0	1.0	0.284	0.405	0.67	0.53
PCI80C80	KL47	hq	PC1327	lasso	inf	0.397	1.0	0.36	1.0	0.36	5	14	0.00202	5.0	9.0	2464.0	0.0	1.0	1.0	0.53	0.6	4.0	7.0	538.0	0.0	1.0	0.99	0.53	0.6	0.0	1587	0.0	inf	1.0	1.0	1.0	0.268	0.33	0.452	1.0	1.0	1.0	0.25	0.33	0.443	0.53
PCI00C50	KL48	hq	PC0731	lasso			0.5	0.17	0.33	0.1	4	12	0.00161	2.0	10.0	2464.0	2.0	1.0	1.0	0.25	0.29	1.0	9.0	537.0	2.0	1.0	0.98	0.15	0.17		824			0.0	0.5	0.703	0.0	0.17	0.294	0.0	0.33	0.55	0.0	0.12	0.2	0.25
PCI00C80	KL48	hq	PC0905	lasso	inf	1.98	0.5	0.17	0.33	0.1	4	12	0.00161	2.0	10.0	2464.0	2.0	1.0	1.0	0.25	0.29	1.0	9.0	537.0	2.0	1.0	0.98	0.15	0.17	0.0	998	0.0	inf	0.314	0.5	1.0	0.095	0.18	0.296	0.314	0.5	1.0	0.095	0.13	0.203	0.25
PCI50C50	KL48	hq	PC0543	lasso	inf	15.3	0.36	0.42	0.62	0.5	14	12	0.00565	5.0	7.0	2457.0	9.0	1.0	0.99	0.39	0.38	5.0	5.0	536.0	3.0	0.99	0.99	0.55	0.55	0.0	1191	0.0	inf	0.3	0.39	0.572	0.328	0.435	0.629	0.5	0.6	0.802	0.376	0.5	0.714	0.39
PCI50C80	KL48	hq	PC0584	lasso	inf	5.2	0.38	0.42	0.71	0.5	13	12	0.00525	5.0	7.0	2458.0	8.0	1.0	0.99	0.4	0.4	5.0	5.0	537.0	2.0	1.0	0.99	0.59	0.59	0.0	1289	0.0	inf	0.286	0.415	0.62	0.324	0.445	0.714	0.5	0.67	0.83	0.326	0.5	0.802	0.4
PCI80C50	KL48	hq	PC1321	lasso	inf	3.02	1.0	0.25	1.0	0.3	3	12	0.00121	3.0	9.0	2466.0	0.0	1.0	1.0	0.4	0.5	3.0	7.0	539.0	0.0	1.0	0.99	0.46	0.54	0.0	1543	0.0	inf	1.0	1.0	1.0	0.163	0.26	0.43	1.0	1.0	1.0	0.166	0.29	0.43	0.4
PCI80C80	KL48	hq	PC1494	lasso	inf	3.02	1.0	0.25	1.0	0.3	3	12	0.00121	3.0	9.0	2466.0	0.0	1.0	1.0	0.4	0.5	3.0	7.0	539.0	0.0	1.0	0.99	0.46	0.54	0.0	1587	0.0	inf	1.0	1.0	1.0	0.14	0.29	0.437	1.0	1.0	1.0	0.14	0.29	0.525	0.4
PCI00C50	KL55	hq	PC0317	lasso	inf	6.03	0.82	0.62	0.8	0.71	22	29	0.00888	18.0	11.0	2445.0	4.0	1.0	0.99	0.71	0.71	12.0	5.0	529.0	3.0	0.99	0.99	0.75	0.74	0.0	824	0.0	inf	0.729	0.8	0.943	0.559	0.605	0.762	0.746	0.795	0.924	0.598	0.695	0.806	0.71
PCI00C80	KL55	hq	PC0345	lasso	inf	6.15	0.82	0.62	0.8	0.71	22	29	0.00888	18.0	11.0	2445.0	4.0	1.0	0.99	0.71	0.71	12.0	5.0	529.0	3.0	0.99	0.99	0.75	0.74	0.0	998	0.0	inf	0.727	0.82	1.0	0.497	0.605	0.753	0.727	0.8	1.0	0.528	0.68	0.82	0.71
PCI50C50	KL55	hq	PC0410	lasso	inf	6.03	0.82	0.62	0.8	0.71	22	29	0.00888	18.0	11.0	2445.0	4.0	1.0	0.99	0.71	0.71	12.0	5.0	529.0	3.0	0.99	0.99	0.75	0.74	0.0	1191	0.0	inf	0.748	0.82	1.0	0.498	0.6	0.703	0.7	0.81	1.0	0.54	0.67	0.754	0.71
PCI50C80	KL55	hq	PC0411	lasso	inf	6.03	0.82	0.62	0.8	0.71	22	29	0.00888	18.0	11.0	2445.0	4.0	1.0	0.99	0.71	0.71	12.0	5.0	529.0	3.0	0.99	0.99	0.75	0.74	0.0	1289	0.0	inf	0.708	0.805	0.934	0.528	0.63	0.741	0.728	0.8	0.915	0.578	0.67	0.775	0.71
PCI80C50	KL55	hq	PC0668	lasso	inf	5.31	0.8	0.41	0.73	0.47	15	29	0.00605	12.0	17.0	2446.0	3.0	1.0	0.99	0.54	0.57	8.0	9.0	529.0	3.0	0.99	0.98	0.57	0.57	0.0	1543	0.0	inf	0.662	0.81	0.905	0.322	0.39	0.536	0.614	0.78	0.886	0.324	0.455	0.58	0.54
PCI80C80	KL55	hq	PC0651	lasso	inf	5.31	0.8	0.41	0.73	0.47	15	29	0.00605	12.0	17.0	2446.0	3.0	1.0	0.99	0.54	0.57	8.0	9.0	529.0	3.0	0.99	0.98	0.57	0.57	0.0	1587	0.0	inf	0.746	0.81	1.0	0.368	0.44	0.574	0.724	0.78	1.0	0.358	0.47	0.572	0.54
PCI00C50	KL57	hq	PC0296	lasso			0.15	0.33	0.2	0.27	26	12	0.0105	4.0	8.0	2444.0	22.0	0.99	0.99	0.21	0.22	3.0	8.0	526.0	12.0	0.98	0.96	0.23	0.22		824			0.057	0.145	0.253	0.114	0.33	0.509	0.086	0.18	0.272	0.114	0.25	0.509	0.21
PCI00C80	KL57	hq	PC0786	lasso			0.4	0.17	0.33	0.09	5	12	0.00202	2.0	10.0	2463.0	3.0	1.0	0.99	0.24	0.26	1.0	10.0	536.0	2.0	1.0	0.98	0.14	0.17		998			0.0	0.33	0.67	0.0	0.14	0.33	0.0	0.5	1.0	0.0	0.14	0.2	0.24
PCI50C50	KL57	hq	PC0782	lasso			0.67	0.33	0.6	0.27	6	12	0.00242	4.0	8.0	2464.0	2.0	1.0	1.0	0.44	0.47	3.0	8.0	536.0	2.0	1.0	0.98	0.37	0.4		1191			0.33	0.67	0.81	0.139	0.33	0.443	0.33	0.67	0.763	0.139	0.31	0.43	0.44
PCI50C80	KL57	hq	PC0629	lasso			0.33	0.33	0.38	0.27	12	12	0.00484	4.0	8.0	2458.0	8.0	1.0	0.99	0.33	0.33	3.0	8.0	533.0	5.0	0.99	0.98	0.32	0.31		1289			0.133	0.33	0.504	0.114	0.27	0.434	0.19	0.355	0.505	0.114	0.235	0.43	0.33
PCI80C50	KL57	hq	PC1087	lasso	inf	0.404	0.67	0.33	0.6	0.27	6	12	0.00242	4.0	8.0	2464.0	2.0	1.0	1.0	0.44	0.47	3.0	8.0	536.0	2.0	1.0	0.98	0.37	0.4	0.0	1543	0.0	inf	0.492	0.67	1.0	0.168	0.33	0.43	0.33	0.585	1.0	0.168	0.29	0.402	0.44
PCI80C80	KL57	hq	PC1100	lasso			0.67	0.33	0.6	0.27	6	12	0.00242	4.0	8.0	2464.0	2.0	1.0	1.0	0.44	0.47	3.0	8.0	536.0	2.0	1.0	0.98	0.37	0.4		1587			0.314	0.635	0.8	0.133	0.33	0.43	0.314	0.635	0.75	0.133	0.29	0.402	0.44
PCI00C50	KL6	hq	PC0313	lasso	inf	4.31	0.57	0.59	0.69	0.61	23	22	0.00928	13.0	9.0	2446.0	10.0	1.0	0.99	0.58	0.57	11.0	7.0	526.0	5.0	0.99	0.98	0.65	0.64	0.0	824	0.0	inf	0.496	0.56	0.691	0.398	0.57	0.695	0.566	0.64	0.732	0.448	0.58	0.697	0.58
PCI00C80	KL6	hq	PC0396	lasso	inf	4.34	0.56	0.45	0.71	0.56	18	22	0.00726	10.0	12.0	2448.0	8.0	1.0	0.99	0.5	0.5	10.0	8.0	527.0	4.0	0.99	0.98	0.63	0.62	0.0	998	0.0	inf	0.456	0.57	0.702	0.328	0.44	0.551	0.598	0.685	0.803	0.379	0.515	0.67	0.5
PCI50C50	KL6	hq	PC0357	lasso	inf	4.83	0.61	0.77	0.71	0.83	28	22	0.0113	17.0	5.0	2445.0	11.0	1.0	0.99	0.68	0.68	15.0	3.0	525.0	6.0	0.99	0.98	0.77	0.76	0.0	1191	0.0	inf	0.498	0.57	0.683	0.669	0.795	0.902	0.54	0.65	0.772	0.697	0.82	0.934	0.68
PCI50C80	KL6	hq	PC0633	lasso	inf	4.06	0.73	0.36	0.78	0.39	11	22	0.00444	8.0	14.0	2453.0	3.0	1.0	0.99	0.48	0.51	7.0	11.0	529.0	2.0	1.0	0.98	0.52	0.54	0.0	1289	0.0	inf	0.57	0.75	1.0	0.267	0.38	0.462	0.67	0.75	1.0	0.266	0.4	0.5	0.48
PCI80C50	KL6	hq	PC0636	lasso	inf	4.16	0.56	0.41	0.75	0.5	16	22	0.00646	9.0	13.0	2449.0	7.0	1.0	0.99	0.47	0.48	9.0	9.0	528.0	3.0	0.99	0.98	0.6	0.6	0.0	1543	0.0	inf	0.437	0.55	0.829	0.248	0.405	0.535	0.563	0.71	0.886	0.298	0.485	0.621	0.47
PCI80C80	KL6	hq	PC0623	lasso	inf	4.35	0.56	0.41	0.75	0.5	16	22	0.00646	9.0	13.0	2449.0	7.0	1.0	0.99	0.47	0.48	9.0	9.0	528.0	3.0	0.99	0.98	0.6	0.6	0.0	1587	0.0	inf	0.436	0.57	0.784	0.329	0.43	0.542	0.5	0.705	0.886	0.358	0.46	0.582	0.47
PCI00C50	KL60	hq	PC0534	lasso	inf	1.05	0.33	0.2	0.14	0.1	9	15	0.00363	3.0	12.0	2457.0	6.0	1.0	0.99	0.25	0.25	1.0	9.0	533.0	6.0	0.99	0.97	0.12	0.11	0.0	824	0.0	inf	0.17	0.355	0.5	0.139	0.2	0.278	0.17	0.2	0.254	0.11	0.14	0.2	0.25
PCI00C80	KL60	hq	PC0416	lasso	inf	2.65	0.4	0.4	0.38	0.3	15	15	0.00605	6.0	9.0	2454.0	9.0	1.0	0.99	0.4	0.4	3.0	7.0	535.0	5.0	0.99	0.98	0.34	0.32	0.0	998	0.0	inf	0.286	0.4	0.513	0.218	0.38	0.57	0.328	0.43	0.505	0.218	0.355	0.509	0.4
PCI50C50	KL60	hq	PC0381	lasso	inf	4.81	0.43	0.67	0.56	0.5	23	15	0.00928	10.0	5.0	2450.0	13.0	0.99	0.99	0.52	0.53	5.0	5.0	535.0	4.0	0.99	0.98	0.53	0.52	0.0	1191	0.0	inf	0.308	0.455	0.504	0.557	0.685	0.8	0.425	0.56	0.575	0.425	0.57	0.71	0.52
PCI50C80	KL60	hq	PC0624	lasso	inf	3.9	0.75	0.4	0.6	0.3	8	15	0.00323	6.0	9.0	2461.0	2.0	1.0	1.0	0.52	0.55	3.0	7.0	537.0	2.0	1.0	0.98	0.4	0.42	0.0	1289	0.0	inf	0.595	0.775	1.0	0.264	0.38	0.572	0.5	0.67	1.0	0.197	0.39	0.505	0.52
PCI80C50	KL60	hq	PC0734	lasso	inf	4.14	0.58	0.47	0.83	0.5	12	15	0.00484	7.0	8.0	2458.0	5.0	1.0	0.99	0.52	0.52	5.0	5.0	538.0	1.0	1.0	0.99	0.62	0.64	0.0	1543	0.0	inf	0.425	0.56	0.8	0.356	0.45	0.582	0.67	0.75	0.83	0.396	0.465	0.572	0.52
PCI80C80	KL60	hq	PC0656	lasso	inf	4.81	0.57	0.53	0.83	0.5	14	15	0.00565	8.0	7.0	2457.0	6.0	1.0	0.99	0.55	0.55	5.0	5.0	538.0	1.0	1.0	0.99	0.62	0.64	0.0	1587	0.0	inf	0.434	0.555	0.673	0.399	0.575	0.674	0.746	0.8	0.83	0.425	0.565	0.753	0.55
PCI00C50	KL61	hq	PC0305	lasso	inf	3.23	0.28	0.33	0.19	0.33	29	24	0.0117	8.0	16.0	2433.0	21.0	0.99	0.99	0.3	0.3	4.0	8.0	521.0	17.0	0.97	0.95	0.24	0.23	0.0	824	0.0	inf	0.238	0.29	0.43	0.27	0.34	0.474	0.15	0.21	0.311	0.248	0.345	0.5	0.3
PCI00C80	KL61	hq	PC0334	lasso	inf	2.84	0.29	0.33	0.2	0.33	28	24	0.0113	8.0	16.0	2434.0	20.0	0.99	0.99	0.31	0.3	4.0	8.0	522.0	16.0	0.97	0.96	0.25	0.24	0.0	998	0.0	inf	0.188	0.285	0.411	0.228	0.33	0.436	0.14	0.225	0.36	0.219	0.315	0.504	0.31
PCI50C50	KL61	hq	PC0388	lasso	inf	2.86	0.28	0.33	0.19	0.33	29	24	0.0117	8.0	16.0	2433.0	21.0	0.99	0.99	0.3	0.3	4.0	8.0	521.0	17.0	0.97	0.95	0.24	0.23	0.0	1191	0.0	inf	0.168	0.27	0.37	0.198	0.3	0.434	0.09	0.195	0.291	0.14	0.33	0.5	0.3
PCI50C80	KL61	hq	PC0391	lasso	inf	3.06	0.29	0.33	0.2	0.33	28	24	0.0113	8.0	16.0	2434.0	20.0	0.99	0.99	0.31	0.3	4.0	8.0	522.0	16.0	0.97	0.96	0.25	0.24	0.0	1289	0.0	inf	0.229	0.32	0.383	0.238	0.34	0.438	0.12	0.24	0.302	0.219	0.33	0.5	0.31
PCI80C50	KL61	hq	PC0429	lasso	inf	2.85	0.28	0.33	0.19	0.33	29	24	0.0117	8.0	16.0	2433.0	21.0	0.99	0.99	0.3	0.3	4.0	8.0	521.0	17.0	0.97	0.95	0.24	0.23	0.0	1543	0.0	inf	0.208	0.28	0.331	0.247	0.33	0.413	0.14	0.195	0.27	0.248	0.33	0.402	0.3
PCI80C80	KL61	hq	PC0440	lasso	inf	3.01	0.29	0.33	0.2	0.33	28	24	0.0113	8.0	16.0	2434.0	20.0	0.99	0.99	0.31	0.3	4.0	8.0	522.0	16.0	0.97	0.96	0.25	0.24	0.0	1587	0.0	inf	0.184	0.28	0.35	0.223	0.36	0.44	0.08	0.21	0.27	0.12	0.38	0.505	0.31
PCI00C50	KL62	hq	PC0240	lasso	inf	4.69	0.69	0.69	0.53	0.62	36	36	0.0145	25.0	11.0	2431.0	11.0	1.0	0.99	0.69	0.69	8.0	5.0	530.0	7.0	0.99	0.98	0.57	0.56	0.0	824	0.0	inf	0.619	0.68	0.754	0.619	0.68	0.83	0.448	0.5	0.578	0.5	0.57	0.781	0.69
PCI00C80	KL62	hq	PC0451	lasso	inf	1.21	1.0	0.42	1.0	0.15	15	36	0.00605	15.0	21.0	2442.0	0.0	1.0	0.99	0.59	0.64	2.0	11.0	536.0	0.0	1.0	0.98	0.26	0.39	0.0	998	0.0	inf	1.0	1.0	1.0	0.297	0.425	0.502	1.0	1.0	1.0	0.17	0.2	0.252	0.59
PCI50C50	KL62	hq	PC0458	lasso	inf	5.94	0.9	0.53	0.78	0.54	21	36	0.00847	19.0	17.0	2440.0	2.0	1.0	0.99	0.67	0.69	7.0	6.0	535.0	2.0	1.0	0.99	0.64	0.64	0.0	1191	0.0	inf	0.816	0.895	1.0	0.406	0.54	0.64	0.667	0.805	1.0	0.4	0.59	0.78	0.67
PCI50C80	KL62	hq	PC0553	lasso	inf	0.932	1.0	0.42	1.0	0.15	15	36	0.00605	15.0	21.0	2442.0	0.0	1.0	0.99	0.59	0.64	2.0	11.0	536.0	0.0	1.0	0.98	0.26	0.39	0.0	1289	0.0	inf	1.0	1.0	1.0	0.32	0.425	0.5	1.0	1.0	1.0	0.169	0.18	0.25	0.59
PCI80C50	KL62	hq	PC0562	lasso	inf	6.49	0.9	0.5	0.75	0.46	20	36	0.00807	18.0	18.0	2440.0	2.0	1.0	0.99	0.64	0.67	6.0	7.0	535.0	2.0	1.0	0.98	0.57	0.58	0.0	1543	0.0	inf	0.829	0.875	0.93	0.428	0.52	0.57	0.6	0.71	0.86	0.33	0.45	0.6	0.64
PCI80C80	KL62	hq	PC0735	lasso	inf	2.49	1.0	0.36	1.0	0.15	13	36	0.00525	13.0	23.0	2442.0	0.0	1.0	0.99	0.53	0.6	2.0	11.0	536.0	0.0	1.0	0.98	0.26	0.39	0.0	1587	0.0	inf	1.0	1.0	1.0	0.25	0.365	0.401	1.0	1.0	1.0	0.146	0.19	0.29	0.53
PCI00C50	KL64	hq	PC0172	lasso	inf	2.42	0.31	0.45	0.31	0.61	77	53	0.0311	24.0	29.0	2372.0	53.0	0.98	0.97	0.37	0.36	11.0	7.0	508.0	25.0	0.95	0.94	0.41	0.41	0.0	824	0.0	inf	0.269	0.315	0.402	0.399	0.45	0.543	0.278	0.325	0.41	0.5	0.6	0.694	0.37
PCI00C80	KL64	hq	PC0184	lasso	inf	2.19	0.32	0.49	0.23	0.44	80	53	0.0323	26.0	27.0	2371.0	54.0	0.98	0.97	0.39	0.38	8.0	10.0	504.0	27.0	0.95	0.93	0.3	0.29	0.0	998	0.0	inf	0.27	0.33	0.38	0.459	0.525	0.563	0.24	0.275	0.331	0.438	0.5	0.582	0.39
PCI50C50	KL64	hq	PC0299	lasso	inf	6.69	0.54	0.49	0.47	0.44	48	53	0.0194	26.0	27.0	2403.0	22.0	0.99	0.98	0.51	0.51	8.0	10.0	522.0	9.0	0.98	0.97	0.45	0.44	0.0	1191	0.0	inf	0.499	0.58	0.65	0.448	0.525	0.6	0.497	0.545	0.73	0.44	0.5	0.57	0.51
PCI50C80	KL64	hq	PC0299	lasso	inf	6.46	0.54	0.49	0.47	0.44	48	53	0.0194	26.0	27.0	2403.0	22.0	0.99	0.98	0.51	0.51	8.0	10.0	522.0	9.0	0.98	0.97	0.45	0.44	0.0	1289	0.0	inf	0.44	0.545	0.62	0.39	0.49	0.562	0.426	0.54	0.642	0.408	0.47	0.622	0.51
PCI80C50	KL64	hq	PC0319	lasso	inf	7.29	0.55	0.49	0.5	0.44	47	53	0.019	26.0	27.0	2404.0	21.0	0.99	0.98	0.52	0.51	8.0	10.0	523.0	8.0	0.98	0.97	0.47	0.45	0.0	1543	0.0	inf	0.478	0.535	0.631	0.43	0.465	0.58	0.455	0.545	0.677	0.394	0.47	0.533	0.52
PCI80C80	KL64	hq	PC0314	lasso	inf	7.43	0.55	0.49	0.5	0.44	47	53	0.019	26.0	27.0	2404.0	21.0	0.99	0.98	0.52	0.51	8.0	10.0	523.0	8.0	0.98	0.97	0.47	0.45	0.0	1587	0.0	inf	0.48	0.57	0.632	0.439	0.5	0.591	0.457	0.575	0.732	0.4	0.485	0.601	0.52
PCI00C50	KL7	hq	PC0272	lasso	inf	4.11	0.26	0.41	0.35	0.64	35	22	0.0141	9.0	13.0	2430.0	26.0	0.99	0.98	0.32	0.32	7.0	4.0	526.0	13.0	0.98	0.97	0.45	0.46	0.0	824	0.0	inf	0.168	0.26	0.352	0.249	0.42	0.562	0.245	0.34	0.443	0.378	0.62	0.802	0.32
PCI00C80	KL7	hq	PC0307	lasso	inf	4.8	0.28	0.41	0.41	0.64	32	22	0.0129	9.0	13.0	2433.0	23.0	0.99	0.99	0.33	0.33	7.0	4.0	529.0	10.0	0.98	0.97	0.5	0.5	0.0	998	0.0	inf	0.177	0.26	0.352	0.284	0.425	0.474	0.248	0.38	0.502	0.428	0.61	0.714	0.33
PCI50C50	KL7	hq	PC0385	lasso	inf	5.31	0.35	0.41	0.5	0.64	26	22	0.0105	9.0	13.0	2439.0	17.0	0.99	0.99	0.38	0.37	7.0	4.0	532.0	7.0	0.99	0.98	0.56	0.55	0.0	1191	0.0	inf	0.234	0.33	0.421	0.208	0.38	0.542	0.296	0.48	0.583	0.428	0.57	0.704	0.38
PCI50C80	KL7	hq	PC0393	lasso	inf	5.32	0.36	0.41	0.54	0.64	25	22	0.0101	9.0	13.0	2440.0	16.0	0.99	0.99	0.38	0.38	7.0	4.0	533.0	6.0	0.99	0.98	0.59	0.58	0.0	1289	0.0	inf	0.249	0.34	0.474	0.327	0.4	0.474	0.3	0.525	0.718	0.494	0.6	0.71	0.38
PCI80C50	KL7	hq	PC0675	lasso	inf	6.04	0.5	0.32	0.86	0.55	14	22	0.00565	7.0	15.0	2449.0	7.0	1.0	0.99	0.39	0.39	6.0	5.0	537.0	1.0	1.0	0.99	0.67	0.68	0.0	1543	0.0	inf	0.33	0.45	0.672	0.218	0.31	0.44	0.595	0.8	1.0	0.33	0.565	0.67	0.39
PCI80C80	KL7	hq	PC0688	lasso	inf	6.04	0.5	0.32	0.86	0.55	14	22	0.00565	7.0	15.0	2449.0	7.0	1.0	0.99	0.39	0.39	6.0	5.0	537.0	1.0	1.0	0.99	0.67	0.68	0.0	1587	0.0	inf	0.33	0.45	0.601	0.196	0.31	0.455	0.6	0.815	1.0	0.376	0.5	0.626	0.39
PCI00C50	KL8	hq	PC0071	lasso	inf	3.14	0.15	0.74	0.17	0.73	177	35	0.0714	26.0	9.0	2292.0	151.0	0.94	0.94	0.25	0.31	11.0	4.0	479.0	55.0	0.9	0.89	0.28	0.32	0.0	824	0.0	inf	0.13	0.15	0.17	0.698	0.755	0.82	0.14	0.175	0.221	0.67	0.75	0.82	0.25
PCI00C80	KL8	hq	PC0475	lasso	inf	11.2	1.0	0.4	1.0	0.4	14	35	0.00565	14.0	21.0	2443.0	0.0	1.0	0.99	0.57	0.63	6.0	9.0	534.0	0.0	1.0	0.98	0.57	0.63	0.0	998	0.0	inf	1.0	1.0	1.0	0.298	0.405	0.452	1.0	1.0	1.0	0.304	0.38	0.503	0.57
PCI50C50	KL8	hq	PC0326	lasso	inf	11.4	0.83	0.71	0.83	0.67	30	35	0.0121	25.0	10.0	2438.0	5.0	1.0	0.99	0.77	0.77	10.0	5.0	532.0	2.0	1.0	0.99	0.74	0.74	0.0	1191	0.0	inf	0.778	0.83	0.903	0.65	0.7	0.773	0.776	0.81	0.891	0.599	0.67	0.781	0.77
PCI50C80	KL8	hq	PC0396	lasso	inf	9.36	0.78	0.51	0.82	0.6	23	35	0.00928	18.0	17.0	2438.0	5.0	1.0	0.99	0.62	0.63	9.0	6.0	532.0	2.0	1.0	0.99	0.69	0.69	0.0	1289	0.0	inf	0.708	0.815	0.934	0.426	0.51	0.61	0.708	0.83	0.896	0.45	0.58	0.781	0.62
PCI80C50	KL8	hq	PC0671	lasso	inf	7.38	1.0	0.4	1.0	0.4	14	35	0.00565	14.0	21.0	2443.0	0.0	1.0	0.99	0.57	0.63	6.0	9.0	534.0	0.0	1.0	0.98	0.57	0.63	0.0	1543	0.0	inf	1.0	1.0	1.0	0.298	0.385	0.482	1.0	1.0	1.0	0.358	0.435	0.553	0.57
PCI80C80	KL8	hq	PC0694	lasso	inf	7.37	1.0	0.4	1.0	0.4	14	35	0.00565	14.0	21.0	2443.0	0.0	1.0	0.99	0.57	0.63	6.0	9.0	534.0	0.0	1.0	0.98	0.57	0.63	0.0	1587	0.0	inf	1.0	1.0	1.0	0.32	0.37	0.472	1.0	1.0	1.0	0.308	0.36	0.55	0.57
PCI00C50	KL1	lq	PC0799	lasso	inf	0.383	0.88	0.25	0.5	0.07	8	28	0.00318	7.0	21.0	2488.0	1.0	1.0	0.99	0.39	0.47	1.0	14.0	533.0	1.0	1.0	0.97	0.12	0.18	0.0	1207	0.0	inf	0.794	0.86	1.0	0.12	0.27	0.33	0.5	0.5	1.0	0.08	0.095	0.121	0.39
PCI00C80	KL1	lq	PC0343	lasso	inf	4.09	0.39	0.64	0.44	0.73	46	28	0.0183	18.0	10.0	2461.0	28.0	0.99	0.98	0.48	0.49	11.0	4.0	521.0	14.0	0.97	0.97	0.55	0.55	0.0	1481	0.0	inf	0.309	0.39	0.47	0.557	0.625	0.71	0.348	0.425	0.502	0.598	0.715	0.9	0.48
PCI50C50	KL1	lq	PC0484	lasso	inf	3.85	0.38	0.43	0.48	0.67	32	28	0.0127	12.0	16.0	2469.0	20.0	0.99	0.99	0.4	0.39	10.0	5.0	524.0	11.0	0.98	0.97	0.56	0.55	0.0	1688	0.0	inf	0.289	0.36	0.472	0.349	0.44	0.56	0.36	0.47	0.542	0.538	0.63	0.752	0.4
PCI50C80	KL1	lq	PC1092	lasso			0.88	0.25	0.5	0.07	8	28	0.00318	7.0	21.0	2488.0	1.0	1.0	0.99	0.39	0.47	1.0	14.0	533.0	1.0	1.0	0.97	0.12	0.18		1834			0.75	0.83	1.0	0.17	0.255	0.331	0.5	0.5	1.0	0.08	0.09	0.112	0.39
PCI80C50	KL1	lq	PC1302	lasso	inf	0.592	0.88	0.25	0.5	0.07	8	28	0.00318	7.0	21.0	2488.0	1.0	1.0	0.99	0.39	0.47	1.0	14.0	533.0	1.0	1.0	0.97	0.12	0.18	0.0	2166	0.0	inf	0.785	1.0	1.0	0.146	0.255	0.336	0.5	1.0	1.0	0.08	0.09	0.121	0.39
PCI80C80	KL1	lq	PC1290	lasso	inf	0.206	0.88	0.25	0.5	0.07	8	28	0.00318	7.0	21.0	2488.0	1.0	1.0	0.99	0.39	0.47	1.0	14.0	533.0	1.0	1.0	0.97	0.12	0.18	0.0	2240	0.0	inf	0.67	0.845	1.0	0.12	0.245	0.352	0.5	0.5	1.0	0.08	0.095	0.12	0.39
PCI00C50	KL10	lq	PC0604	lasso			0.58	0.23	0.25	0.07	12	31	0.00477	7.0	24.0	2481.0	5.0	1.0	0.99	0.33	0.36	1.0	14.0	531.0	3.0	0.99	0.97	0.11	0.12		1207			0.5	0.585	0.783	0.19	0.24	0.32	0.25	0.33	0.525	0.08	0.085	0.111	0.33
PCI00C80	KL10	lq	PC0732	lasso			0.58	0.23	0.25	0.07	12	31	0.00477	7.0	24.0	2481.0	5.0	1.0	0.99	0.33	0.36	1.0	14.0	531.0	3.0	0.99	0.97	0.11	0.12		1481			0.399	0.565	0.75	0.138	0.245	0.331	0.25	0.33	0.5	0.07	0.09	0.1	0.33
PCI50C50	KL10	lq	PC0844	lasso	inf	1.31	0.91	0.32	1.0	0.47	11	31	0.00437	10.0	21.0	2485.0	1.0	1.0	0.99	0.47	0.54	7.0	8.0	534.0	0.0	1.0	0.99	0.64	0.68	0.0	1688	0.0	inf	0.828	0.885	1.0	0.25	0.3	0.41	0.828	1.0	1.0	0.309	0.435	0.502	0.47
PCI50C80	KL10	lq	PC0896	lasso	inf	1.31	0.91	0.32	1.0	0.47	11	31	0.00437	10.0	21.0	2485.0	1.0	1.0	0.99	0.47	0.54	7.0	8.0	534.0	0.0	1.0	0.99	0.64	0.68	0.0	1834	0.0	inf	0.828	0.89	1.0	0.269	0.35	0.443	1.0	1.0	1.0	0.328	0.455	0.64	0.47
PCI80C50	KL10	lq	PC1050	lasso	inf	1.8	0.91	0.32	1.0	0.47	11	31	0.00437	10.0	21.0	2485.0	1.0	1.0	0.99	0.47	0.54	7.0	8.0	534.0	0.0	1.0	0.99	0.64	0.68	0.0	2166	0.0	inf	0.83	0.88	1.0	0.228	0.32	0.393	0.992	1.0	1.0	0.328	0.455	0.609	0.47
PCI80C80	KL10	lq	PC1033	lasso	inf	9.5	0.91	0.32	1.0	0.47	11	31	0.00437	10.0	21.0	2485.0	1.0	1.0	0.99	0.47	0.54	7.0	8.0	534.0	0.0	1.0	0.99	0.64	0.68	0.0	2240	0.0	inf	0.828	0.88	1.0	0.238	0.33	0.44	0.99	1.0	1.0	0.33	0.42	0.56	0.47
PCI00C50	KL103	lq	PC0960	lasso			0.4	0.18	0.33	0.1	5	11	0.00199	2.0	9.0	2503.0	3.0	1.0	1.0	0.25	0.27	1.0	9.0	537.0	2.0	1.0	0.98	0.15	0.17		1207			0.238	0.45	1.0	0.114	0.2	0.29	0.314	0.33	1.0	0.095	0.13	0.172	0.25
PCI00C80	KL103	lq	PC1224	lasso	inf	4.71	1.0	0.36	1.0	0.4	4	11	0.00159	4.0	7.0	2506.0	0.0	1.0	1.0	0.53	0.6	4.0	6.0	539.0	0.0	1.0	0.99	0.57	0.63	0.0	1481	0.0	inf	1.0	1.0	1.0	0.244	0.33	0.505	1.0	1.0	1.0	0.244	0.355	0.6	0.53
PCI50C50	KL103	lq	PC0666	lasso	inf	13.2	0.58	0.64	0.58	0.7	12	11	0.00477	7.0	4.0	2501.0	5.0	1.0	1.0	0.61	0.61	7.0	3.0	534.0	5.0	0.99	0.99	0.63	0.63	0.0	1688	0.0	inf	0.43	0.57	0.753	0.5	0.67	0.867	0.43	0.57	0.753	0.5	0.67	1.0	0.61
PCI50C80	KL103	lq	PC0843	lasso	inf	3.93	0.55	0.55	0.55	0.6	11	11	0.00437	6.0	5.0	2501.0	5.0	1.0	1.0	0.55	0.54	6.0	4.0	534.0	5.0	0.99	0.98	0.57	0.56	0.0	1834	0.0	inf	0.4	0.56	0.672	0.328	0.565	0.626	0.4	0.56	0.672	0.328	0.565	0.712	0.55
PCI80C50	KL103	lq	PC1053	lasso	inf	3.11	0.56	0.45	0.56	0.5	9	11	0.00358	5.0	6.0	2502.0	4.0	1.0	1.0	0.5	0.5	5.0	5.0	535.0	4.0	0.99	0.98	0.53	0.52	0.0	2166	0.0	inf	0.324	0.5	0.672	0.198	0.44	0.575	0.324	0.5	0.672	0.198	0.5	0.67	0.5
PCI80C80	KL103	lq	PC1100	lasso	inf	2.93	0.56	0.45	0.56	0.5	9	11	0.00358	5.0	6.0	2502.0	4.0	1.0	1.0	0.5	0.5	5.0	5.0	535.0	4.0	0.99	0.98	0.53	0.52	0.0	2240	0.0	inf	0.33	0.57	0.8	0.25	0.415	0.67	0.33	0.57	0.8	0.288	0.415	0.677	0.5
PCI00C50	KL11	lq	PC0683	lasso			0.8	0.26	0.33	0.09	10	31	0.00397	8.0	23.0	2484.0	2.0	1.0	0.99	0.39	0.45	1.0	10.0	536.0	2.0	1.0	0.98	0.14	0.17		1207			0.667	0.79	1.0	0.218	0.265	0.332	0.33	0.415	1.0	0.1	0.12	0.17	0.39
PCI00C80	KL11	lq	PC0361	lasso	inf	2.98	0.43	0.65	0.29	0.73	46	31	0.0183	20.0	11.0	2460.0	26.0	0.99	0.99	0.52	0.52	8.0	3.0	518.0	20.0	0.96	0.96	0.42	0.44	0.0	1481	0.0	inf	0.299	0.42	0.484	0.576	0.675	0.753	0.165	0.26	0.401	0.418	0.645	0.8	0.52
PCI50C50	KL11	lq	PC0426	lasso	inf	4.5	0.65	0.77	0.64	0.64	37	31	0.0147	24.0	7.0	2473.0	13.0	0.99	0.99	0.7	0.7	7.0	4.0	534.0	4.0	0.99	0.99	0.64	0.63	0.0	1688	0.0	inf	0.548	0.625	0.712	0.669	0.79	0.85	0.5	0.655	0.86	0.56	0.67	0.861	0.7
PCI50C80	KL11	lq	PC0533	lasso	inf	4.1	0.83	0.65	0.67	0.55	24	31	0.00954	20.0	11.0	2482.0	4.0	1.0	0.99	0.73	0.73	6.0	5.0	535.0	3.0	0.99	0.99	0.6	0.6	0.0	1834	0.0	inf	0.75	0.825	0.943	0.556	0.625	0.725	0.57	0.73	1.0	0.497	0.565	0.756	0.73
PCI80C50	KL11	lq	PC0888	lasso	inf	3.79	1.0	0.48	1.0	0.27	15	31	0.00596	15.0	16.0	2486.0	0.0	1.0	0.99	0.65	0.69	3.0	8.0	538.0	0.0	1.0	0.99	0.43	0.52	0.0	2166	0.0	inf	1.0	1.0	1.0	0.387	0.475	0.571	1.0	1.0	1.0	0.12	0.25	0.383	0.65
PCI80C80	KL11	lq	PC1000	lasso	inf	3.76	1.0	0.39	1.0	0.27	12	31	0.00477	12.0	19.0	2486.0	0.0	1.0	0.99	0.56	0.62	3.0	8.0	538.0	0.0	1.0	0.99	0.43	0.52	0.0	2240	0.0	inf	1.0	1.0	1.0	0.345	0.4	0.502	1.0	1.0	1.0	0.167	0.3	0.434	0.56
PCI00C50	KL111	lq	PC0591	lasso	inf	4.3	0.92	0.36	0.86	0.43	13	33	0.00516	12.0	21.0	2483.0	1.0	1.0	0.99	0.52	0.58	6.0	8.0	534.0	1.0	1.0	0.98	0.57	0.6	0.0	1207	0.0	inf	0.85	0.9	1.0	0.237	0.38	0.5	0.746	0.83	1.0	0.288	0.435	0.505	0.52
PCI00C80	KL111	lq	PC0676	lasso	inf	7.64	0.92	0.36	0.86	0.43	13	33	0.00516	12.0	21.0	2483.0	1.0	1.0	0.99	0.52	0.58	6.0	8.0	534.0	1.0	1.0	0.98	0.57	0.6	0.0	1481	0.0	inf	0.879	0.905	1.0	0.319	0.38	0.45	0.798	0.86	1.0	0.328	0.42	0.5	0.52
PCI50C50	KL111	lq	PC0712	lasso	inf	5.51	0.93	0.42	0.88	0.5	15	33	0.00596	14.0	19.0	2483.0	1.0	1.0	0.99	0.58	0.63	7.0	7.0	534.0	1.0	1.0	0.99	0.64	0.66	0.0	1688	0.0	inf	0.83	0.92	1.0	0.326	0.43	0.501	0.828	0.88	1.0	0.328	0.5	0.552	0.58
PCI50C80	KL111	lq	PC0692	lasso	inf	14.5	0.93	0.42	0.83	0.36	15	33	0.00596	14.0	19.0	2483.0	1.0	1.0	0.99	0.58	0.63	5.0	9.0	534.0	1.0	1.0	0.98	0.5	0.54	0.0	1834	0.0	inf	0.858	0.9	1.0	0.317	0.47	0.6	0.75	0.83	1.0	0.269	0.4	0.568	0.58
PCI80C50	KL111	lq	PC0915	lasso	inf	4.55	1.0	0.42	1.0	0.5	14	33	0.00556	14.0	19.0	2484.0	0.0	1.0	0.99	0.59	0.65	7.0	7.0	535.0	0.0	1.0	0.99	0.67	0.7	0.0	2166	0.0	inf	1.0	1.0	1.0	0.347	0.41	0.521	1.0	1.0	1.0	0.357	0.5	0.58	0.59
PCI80C80	KL111	lq	PC0915	lasso	inf	8.24	1.0	0.42	1.0	0.5	14	33	0.00556	14.0	19.0	2484.0	0.0	1.0	0.99	0.59	0.65	7.0	7.0	535.0	0.0	1.0	0.99	0.67	0.7	0.0	2240	0.0	inf	1.0	1.0	1.0	0.3	0.435	0.521	1.0	1.0	1.0	0.379	0.46	0.583	0.59
PCI00C50	KL122	lq	PC1028	lasso	inf	7.04	0.4	0.1	0.67	0.18	5	20	0.00199	2.0	18.0	2494.0	3.0	1.0	0.99	0.16	0.2	2.0	9.0	537.0	1.0	1.0	0.98	0.28	0.34	0.0	1207	0.0	inf	0.0	0.5	0.67	0.0	0.1	0.17	0.0	0.585	1.0	0.0	0.13	0.29	0.16
PCI00C80	KL122	lq	PC0675	lasso	inf	0.529	0.31	0.2	0.1	0.09	13	20	0.00516	4.0	16.0	2488.0	9.0	1.0	0.99	0.24	0.24	1.0	10.0	529.0	9.0	0.98	0.97	0.09	0.08	0.0	1481	0.0	inf	0.219	0.33	0.5	0.14	0.24	0.344	0.11	0.14	0.2	0.09	0.115	0.207	0.24
PCI50C50	KL122	lq	PC1357	lasso	inf	7.0	1.0	0.25	1.0	0.18	5	20	0.00199	5.0	15.0	2497.0	0.0	1.0	0.99	0.4	0.5	2.0	9.0	538.0	0.0	1.0	0.98	0.31	0.42	0.0	1688	0.0	inf	1.0	1.0	1.0	0.208	0.295	0.36	1.0	1.0	1.0	0.196	0.25	0.292	0.4
PCI50C80	KL122	lq	PC1451	lasso			1.0	0.25	1.0	0.18	5	20	0.00199	5.0	15.0	2497.0	0.0	1.0	0.99	0.4	0.5	2.0	9.0	538.0	0.0	1.0	0.98	0.31	0.42		1834			1.0	1.0	1.0	0.1	0.24	0.336	1.0	1.0	1.0	0.12	0.235	0.33	0.4
PCI80C50	KL122	lq	PC0462	lasso	inf	14.9	0.38	0.75	0.56	0.91	40	20	0.0159	15.0	5.0	2472.0	25.0	0.99	0.99	0.5	0.53	10.0	1.0	530.0	8.0	0.99	0.98	0.69	0.7	0.0	2166	0.0	inf	0.31	0.375	0.454	0.669	0.79	0.838	0.42	0.53	0.643	0.776	0.88	1.0	0.5
PCI80C80	KL122	lq	PC0469	lasso	inf	13.1	0.39	0.75	0.56	0.91	38	20	0.0151	15.0	5.0	2474.0	23.0	0.99	0.99	0.51	0.54	10.0	1.0	530.0	8.0	0.99	0.98	0.69	0.7	0.0	2240	0.0	inf	0.298	0.395	0.481	0.579	0.74	0.921	0.43	0.515	0.594	0.822	0.885	1.0	0.51
PCI00C50	KL125	lq	PC0293	lasso	inf	5.14	0.51	0.9	0.52	0.93	37	21	0.0147	19.0	2.0	2478.0	18.0	0.99	0.99	0.65	0.68	13.0	1.0	523.0	12.0	0.98	0.98	0.67	0.69	0.0	1207	0.0	inf	0.438	0.52	0.582	0.849	0.92	1.0	0.41	0.545	0.621	0.879	0.9	1.0	0.65
PCI00C80	KL125	lq	PC0311	lasso	inf	5.13	0.5	0.86	0.5	0.86	36	21	0.0143	18.0	3.0	2478.0	18.0	0.99	0.99	0.63	0.65	12.0	2.0	523.0	12.0	0.98	0.97	0.63	0.64	0.0	1481	0.0	inf	0.377	0.48	0.57	0.79	0.855	0.93	0.396	0.53	0.572	0.798	0.855	0.901	0.63
PCI50C50	KL125	lq	PC0354	lasso	inf	5.2	0.51	0.9	0.52	0.93	37	21	0.0147	19.0	2.0	2478.0	18.0	0.99	0.99	0.65	0.68	13.0	1.0	523.0	12.0	0.98	0.98	0.67	0.69	0.0	1688	0.0	inf	0.398	0.5	0.6	0.859	0.92	1.0	0.408	0.53	0.602	0.878	0.905	1.0	0.65
PCI50C80	KL125	lq	PC0357	lasso	inf	4.92	0.5	0.86	0.5	0.86	36	21	0.0143	18.0	3.0	2478.0	18.0	0.99	0.99	0.63	0.65	12.0	2.0	523.0	12.0	0.98	0.97	0.63	0.64	0.0	1834	0.0	inf	0.389	0.5	0.59	0.769	0.85	0.93	0.399	0.5	0.62	0.75	0.82	0.911	0.63
PCI80C50	KL125	lq	PC0610	lasso	inf	9.07	0.65	0.71	0.62	0.71	23	21	0.00914	15.0	6.0	2488.0	8.0	1.0	0.99	0.68	0.68	10.0	4.0	529.0	6.0	0.99	0.98	0.66	0.66	0.0	2166	0.0	inf	0.53	0.62	0.802	0.579	0.69	0.815	0.536	0.62	0.752	0.595	0.69	0.823	0.68
PCI80C80	KL125	lq	PC0612	lasso	inf	8.18	0.62	0.71	0.59	0.71	24	21	0.00954	15.0	6.0	2487.0	9.0	1.0	0.99	0.66	0.67	10.0	4.0	528.0	7.0	0.99	0.98	0.64	0.64	0.0	2240	0.0	inf	0.47	0.615	0.771	0.576	0.69	0.85	0.428	0.58	0.73	0.592	0.7	0.8	0.66
PCI00C50	KL127	lq	PC0588	lasso	inf	13.1	1.0	0.5	1.0	0.3	13	26	0.00516	13.0	13.0	2491.0	0.0	1.0	0.99	0.67	0.71	3.0	7.0	539.0	0.0	1.0	0.99	0.46	0.54	0.0	1207	0.0	inf	1.0	1.0	1.0	0.328	0.47	0.572	1.0	1.0	1.0	0.17	0.27	0.509	0.67
PCI00C80	KL127	lq	PC0563	lasso	inf	11.5	0.9	0.69	1.0	0.4	20	26	0.00795	18.0	8.0	2489.0	2.0	1.0	1.0	0.78	0.79	4.0	6.0	539.0	0.0	1.0	0.99	0.57	0.63	0.0	1481	0.0	inf	0.78	0.885	1.0	0.558	0.65	0.802	1.0	1.0	1.0	0.25	0.43	0.575	0.78
PCI50C50	KL127	lq	PC0769	lasso	inf	5.85	0.85	0.42	0.5	0.1	13	26	0.00516	11.0	15.0	2489.0	2.0	1.0	0.99	0.56	0.6	1.0	9.0	538.0	1.0	1.0	0.98	0.17	0.22	0.0	1688	0.0	inf	0.819	0.885	1.0	0.385	0.47	0.541	0.5	0.5	1.0	0.11	0.14	0.174	0.56
PCI50C80	KL127	lq	PC0655	lasso	inf	3.78	0.9	0.69	1.0	0.4	20	26	0.00795	18.0	8.0	2489.0	2.0	1.0	1.0	0.78	0.79	4.0	6.0	539.0	0.0	1.0	0.99	0.57	0.63	0.0	1834	0.0	inf	0.829	0.89	1.0	0.599	0.71	0.761	1.0	1.0	1.0	0.38	0.44	0.572	0.78
PCI80C50	KL127	lq	PC0959	lasso	inf	11.4	1.0	0.5	1.0	0.3	13	26	0.00516	13.0	13.0	2491.0	0.0	1.0	0.99	0.67	0.71	3.0	7.0	539.0	0.0	1.0	0.99	0.46	0.54	0.0	2166	0.0	inf	1.0	1.0	1.0	0.31	0.5	0.604	1.0	1.0	1.0	0.14	0.27	0.505	0.67
PCI80C80	KL127	lq	PC0970	lasso	inf	2.99	1.0	0.5	1.0	0.3	13	26	0.00516	13.0	13.0	2491.0	0.0	1.0	0.99	0.67	0.71	3.0	7.0	539.0	0.0	1.0	0.99	0.46	0.54	0.0	2240	0.0	inf	1.0	1.0	1.0	0.38	0.475	0.6	1.0	1.0	1.0	0.139	0.355	0.505	0.67
PCI00C50	KL13	lq	PC0133	lasso	inf	4.34	0.13	0.91	0.46	0.94	161	23	0.064	21.0	2.0	2354.0	140.0	0.94	0.94	0.23	0.33	17.0	1.0	511.0	20.0	0.96	0.96	0.62	0.64	0.0	1207	0.0	inf	0.1	0.13	0.15	0.83	0.925	1.0	0.36	0.415	0.501	0.858	0.92	1.0	0.23
PCI00C80	KL13	lq	PC0138	lasso	inf	4.53	0.13	0.91	0.47	0.94	158	23	0.0628	21.0	2.0	2357.0	137.0	0.95	0.94	0.23	0.34	17.0	1.0	512.0	19.0	0.96	0.96	0.63	0.65	0.0	1481	0.0	inf	0.11	0.13	0.16	0.88	0.93	1.0	0.39	0.44	0.5	0.92	0.93	1.0	0.23
PCI50C50	KL13	lq	PC0144	lasso	inf	4.22	0.13	0.91	0.46	0.94	161	23	0.064	21.0	2.0	2354.0	140.0	0.94	0.94	0.23	0.33	17.0	1.0	511.0	20.0	0.96	0.96	0.62	0.64	0.0	1688	0.0	inf	0.08	0.12	0.15	0.849	0.89	1.0	0.308	0.385	0.46	0.829	0.92	1.0	0.23
PCI50C80	KL13	lq	PC0146	lasso	inf	9.38	0.13	0.91	0.47	0.94	158	23	0.0628	21.0	2.0	2357.0	137.0	0.95	0.94	0.23	0.34	17.0	1.0	512.0	19.0	0.96	0.96	0.63	0.65	0.0	1834	0.0	inf	0.1	0.13	0.18	0.869	0.925	1.0	0.358	0.435	0.521	0.889	1.0	1.0	0.23
PCI80C50	KL13	lq	PC0141	lasso	inf	9.34	0.13	0.91	0.46	0.94	160	23	0.0636	21.0	2.0	2355.0	139.0	0.94	0.94	0.23	0.33	17.0	1.0	511.0	20.0	0.96	0.96	0.62	0.64	0.0	2166	0.0	inf	0.1	0.135	0.171	0.849	0.885	1.0	0.379	0.425	0.522	0.849	0.92	1.0	0.23
PCI80C80	KL13	lq	PC0149	lasso	inf	4.3	0.13	0.91	0.47	0.94	158	23	0.0628	21.0	2.0	2357.0	137.0	0.95	0.94	0.23	0.34	17.0	1.0	512.0	19.0	0.96	0.96	0.63	0.65	0.0	2240	0.0	inf	0.12	0.13	0.151	0.859	0.92	1.0	0.378	0.43	0.501	0.9	0.92	1.0	0.23
PCI00C50	KL14	lq	PC0306	lasso	inf	5.51	0.71	0.82	0.6	0.82	38	33	0.0151	27.0	6.0	2473.0	11.0	1.0	0.99	0.76	0.76	9.0	2.0	532.0	6.0	0.99	0.99	0.69	0.69	0.0	1207	0.0	inf	0.647	0.71	0.781	0.718	0.82	0.912	0.5	0.64	0.784	0.78	0.86	1.0	0.76
PCI00C80	KL14	lq	PC0315	lasso	inf	5.16	0.7	0.79	0.57	0.73	37	33	0.0147	26.0	7.0	2473.0	11.0	1.0	0.99	0.74	0.74	8.0	3.0	532.0	6.0	0.99	0.98	0.64	0.64	0.0	1481	0.0	inf	0.64	0.7	0.762	0.737	0.815	0.862	0.5	0.63	0.732	0.778	0.83	0.896	0.74
PCI50C50	KL14	lq	PC0367	lasso	inf	3.95	0.82	0.82	0.57	0.73	33	33	0.0131	27.0	6.0	2478.0	6.0	1.0	1.0	0.82	0.82	8.0	3.0	532.0	6.0	0.99	0.98	0.64	0.64	0.0	1688	0.0	inf	0.71	0.83	0.9	0.738	0.82	0.872	0.56	0.63	0.78	0.668	0.78	0.896	0.82
PCI50C80	KL14	lq	PC0375	lasso	inf	9.32	0.71	0.82	0.6	0.82	38	33	0.0151	27.0	6.0	2473.0	11.0	1.0	0.99	0.76	0.76	9.0	2.0	532.0	6.0	0.99	0.99	0.69	0.69	0.0	1834	0.0	inf	0.66	0.685	0.75	0.748	0.83	0.89	0.548	0.61	0.702	0.75	0.88	1.0	0.76
PCI80C50	KL14	lq	PC0379	lasso	inf	3.4	0.69	0.82	0.53	0.73	39	33	0.0155	27.0	6.0	2472.0	12.0	1.0	0.99	0.75	0.75	8.0	3.0	531.0	7.0	0.99	0.98	0.61	0.61	0.0	2166	0.0	inf	0.649	0.72	0.813	0.77	0.83	0.883	0.438	0.63	0.702	0.67	0.79	0.886	0.75
PCI80C80	KL14	lq	PC0440	lasso	inf	8.77	0.83	0.76	0.62	0.73	30	33	0.0119	25.0	8.0	2479.0	5.0	1.0	0.99	0.79	0.79	8.0	3.0	533.0	5.0	0.99	0.99	0.67	0.66	0.0	2240	0.0	inf	0.76	0.84	0.902	0.677	0.745	0.803	0.566	0.67	0.804	0.62	0.75	0.861	0.79
PCI00C50	KL142	lq	PC0453	lasso	inf	5.56	0.32	0.5	0.43	0.6	22	14	0.00874	7.0	7.0	2488.0	15.0	0.99	0.99	0.39	0.39	6.0	4.0	531.0	8.0	0.99	0.98	0.5	0.5	0.0	1207	0.0	inf	0.229	0.31	0.384	0.38	0.44	0.624	0.289	0.4	0.503	0.4	0.6	0.763	0.39
PCI00C80	KL142	lq	PC0524	lasso	inf	7.72	0.32	0.5	0.43	0.6	22	14	0.00874	7.0	7.0	2488.0	15.0	0.99	0.99	0.39	0.39	6.0	4.0	531.0	8.0	0.99	0.98	0.5	0.5	0.0	1481	0.0	inf	0.2	0.295	0.45	0.328	0.5	0.71	0.289	0.37	0.62	0.496	0.61	0.802	0.39
PCI50C50	KL142	lq	PC0582	lasso	inf	8.3	0.32	0.5	0.43	0.6	22	14	0.00874	7.0	7.0	2488.0	15.0	0.99	0.99	0.39	0.39	6.0	4.0	531.0	8.0	0.99	0.98	0.5	0.5	0.0	1688	0.0	inf	0.209	0.33	0.42	0.428	0.525	0.604	0.268	0.4	0.56	0.496	0.645	0.8	0.39
PCI50C80	KL142	lq	PC0579	lasso	inf	7.73	0.32	0.5	0.43	0.6	22	14	0.00874	7.0	7.0	2488.0	15.0	0.99	0.99	0.39	0.39	6.0	4.0	531.0	8.0	0.99	0.98	0.5	0.5	0.0	1834	0.0	inf	0.168	0.33	0.432	0.217	0.5	0.678	0.2	0.42	0.503	0.326	0.645	0.83	0.39
PCI80C50	KL142	lq	PC0705	lasso	inf	4.26	0.29	0.43	0.38	0.5	21	14	0.00834	6.0	8.0	2488.0	15.0	0.99	0.99	0.35	0.35	5.0	5.0	531.0	8.0	0.99	0.98	0.43	0.43	0.0	2166	0.0	inf	0.23	0.32	0.45	0.4	0.5	0.6	0.327	0.4	0.503	0.38	0.57	0.753	0.35
PCI80C80	KL142	lq	PC0717	lasso	inf	4.18	0.29	0.43	0.38	0.5	21	14	0.00834	6.0	8.0	2488.0	15.0	0.99	0.99	0.35	0.35	5.0	5.0	531.0	8.0	0.99	0.98	0.43	0.43	0.0	2240	0.0	inf	0.195	0.31	0.43	0.294	0.4	0.575	0.246	0.38	0.503	0.326	0.5	0.712	0.35
PCI00C50	KL15	lq	PC1096	lasso	inf	2.31	1.0	0.12	1.0	0.36	4	34	0.00159	4.0	30.0	2483.0	0.0	1.0	0.99	0.21	0.34	4.0	7.0	538.0	0.0	1.0	0.99	0.53	0.6	0.0	1207	0.0	inf	1.0	1.0	1.0	0.086	0.12	0.172	1.0	1.0	1.0	0.192	0.33	0.446	0.21
PCI00C80	KL15	lq	PC0582	lasso	inf	6.66	0.8	0.35	1.0	0.27	15	34	0.00596	12.0	22.0	2480.0	3.0	1.0	0.99	0.49	0.53	3.0	8.0	538.0	0.0	1.0	0.99	0.43	0.52	0.0	1481	0.0	inf	0.698	0.78	0.891	0.318	0.35	0.413	1.0	1.0	1.0	0.215	0.3	0.43	0.49
PCI50C50	KL15	lq	PC0609	lasso	inf	7.26	0.8	0.35	1.0	0.27	15	34	0.00596	12.0	22.0	2480.0	3.0	1.0	0.99	0.49	0.53	3.0	8.0	538.0	0.0	1.0	0.99	0.43	0.52	0.0	1688	0.0	inf	0.696	0.785	0.901	0.288	0.34	0.45	1.0	1.0	1.0	0.216	0.3	0.43	0.49
PCI50C80	KL15	lq	PC0683	lasso	inf	7.38	0.8	0.35	1.0	0.27	15	34	0.00596	12.0	22.0	2480.0	3.0	1.0	0.99	0.49	0.53	3.0	8.0	538.0	0.0	1.0	0.99	0.43	0.52	0.0	1834	0.0	inf	0.617	0.775	0.924	0.259	0.365	0.482	1.0	1.0	1.0	0.138	0.29	0.383	0.49
PCI80C50	KL15	lq	PC0715	lasso	inf	7.0	0.8	0.35	1.0	0.27	15	34	0.00596	12.0	22.0	2480.0	3.0	1.0	0.99	0.49	0.53	3.0	8.0	538.0	0.0	1.0	0.99	0.43	0.52	0.0	2166	0.0	inf	0.668	0.79	1.0	0.3	0.37	0.452	1.0	1.0	1.0	0.139	0.29	0.43	0.49
PCI80C80	KL15	lq	PC0775	lasso	inf	6.36	0.8	0.35	1.0	0.27	15	34	0.00596	12.0	22.0	2480.0	3.0	1.0	0.99	0.49	0.53	3.0	8.0	538.0	0.0	1.0	0.99	0.43	0.52	0.0	2240	0.0	inf	0.69	0.82	0.905	0.246	0.37	0.43	1.0	1.0	1.0	0.216	0.33	0.43	0.49
PCI00C50	KL16	lq	PC0667	lasso	inf	10.3	1.0	0.36	1.0	0.55	8	22	0.00318	8.0	14.0	2495.0	0.0	1.0	0.99	0.53	0.6	6.0	5.0	538.0	0.0	1.0	0.99	0.71	0.74	0.0	1207	0.0	inf	1.0	1.0	1.0	0.209	0.34	0.472	1.0	1.0	1.0	0.374	0.5	0.674	0.53
PCI00C80	KL16	lq	PC0748	lasso	inf	11.8	1.0	0.36	1.0	0.55	8	22	0.00318	8.0	14.0	2495.0	0.0	1.0	0.99	0.53	0.6	6.0	5.0	538.0	0.0	1.0	0.99	0.71	0.74	0.0	1481	0.0	inf	1.0	1.0	1.0	0.266	0.36	0.474	1.0	1.0	1.0	0.394	0.5	0.632	0.53
PCI50C50	KL16	lq	PC0809	lasso	inf	13.4	1.0	0.36	1.0	0.55	8	22	0.00318	8.0	14.0	2495.0	0.0	1.0	0.99	0.53	0.6	6.0	5.0	538.0	0.0	1.0	0.99	0.71	0.74	0.0	1688	0.0	inf	1.0	1.0	1.0	0.269	0.375	0.466	1.0	1.0	1.0	0.324	0.555	0.672	0.53
PCI50C80	KL16	lq	PC0882	lasso	inf	11.8	1.0	0.36	1.0	0.55	8	22	0.00318	8.0	14.0	2495.0	0.0	1.0	0.99	0.53	0.6	6.0	5.0	538.0	0.0	1.0	0.99	0.71	0.74	0.0	1834	0.0	inf	1.0	1.0	1.0	0.247	0.355	0.472	1.0	1.0	1.0	0.286	0.525	0.62	0.53
PCI80C50	KL16	lq	PC1036	lasso	inf	4.15	1.0	0.36	1.0	0.55	8	22	0.00318	8.0	14.0	2495.0	0.0	1.0	0.99	0.53	0.6	6.0	5.0	538.0	0.0	1.0	0.99	0.71	0.74	0.0	2166	0.0	inf	1.0	1.0	1.0	0.286	0.39	0.509	1.0	1.0	1.0	0.394	0.53	0.753	0.53
PCI80C80	KL16	lq	PC1056	lasso	inf	12.2	1.0	0.36	1.0	0.55	8	22	0.00318	8.0	14.0	2495.0	0.0	1.0	0.99	0.53	0.6	6.0	5.0	538.0	0.0	1.0	0.99	0.71	0.74	0.0	2240	0.0	inf	1.0	1.0	1.0	0.249	0.36	0.47	1.0	1.0	1.0	0.376	0.5	0.712	0.53
PCI00C50	KL2	lq	PC0226	lasso	inf	6.68	0.47	0.71	0.33	0.73	57	38	0.0226	27.0	11.0	2449.0	30.0	0.99	0.98	0.57	0.57	8.0	3.0	522.0	16.0	0.97	0.97	0.45	0.48	0.0	1207	0.0	inf	0.428	0.47	0.535	0.669	0.71	0.813	0.278	0.355	0.413	0.614	0.75	0.867	0.57
PCI00C80	KL2	lq	PC0701	lasso	inf	5.09	0.82	0.24	0.5	0.18	11	38	0.00437	9.0	29.0	2477.0	2.0	1.0	0.99	0.37	0.44	2.0	9.0	536.0	2.0	1.0	0.98	0.26	0.29	0.0	1481	0.0	inf	0.708	0.845	0.896	0.17	0.24	0.302	0.5	0.67	0.687	0.199	0.25	0.334	0.37
PCI50C50	KL2	lq	PC0438	lasso	inf	6.62	0.96	0.71	0.89	0.73	28	38	0.0111	27.0	11.0	2478.0	1.0	1.0	1.0	0.82	0.83	8.0	3.0	537.0	1.0	1.0	0.99	0.8	0.8	0.0	1688	0.0	inf	0.93	1.0	1.0	0.63	0.71	0.796	0.858	1.0	1.0	0.619	0.705	1.0	0.82
PCI50C80	KL2	lq	PC0512	lasso	inf	11.4	0.96	0.63	0.89	0.73	25	38	0.00993	24.0	14.0	2478.0	1.0	1.0	0.99	0.76	0.78	8.0	3.0	537.0	1.0	1.0	0.99	0.8	0.8	0.0	1834	0.0	inf	0.92	0.94	1.0	0.559	0.615	0.694	0.83	0.88	1.0	0.56	0.705	0.881	0.76
PCI80C50	KL2	lq	PC0528	lasso	inf	8.64	0.96	0.68	0.89	0.73	27	38	0.0107	26.0	12.0	2478.0	1.0	1.0	0.99	0.8	0.81	8.0	3.0	537.0	1.0	1.0	0.99	0.8	0.8	0.0	2166	0.0	inf	0.93	0.95	1.0	0.62	0.695	0.772	0.828	0.88	1.0	0.639	0.765	0.886	0.8
PCI80C80	KL2	lq	PC0662	lasso	inf	8.05	0.96	0.61	0.89	0.73	24	38	0.00954	23.0	15.0	2478.0	1.0	1.0	0.99	0.75	0.76	8.0	3.0	537.0	1.0	1.0	0.99	0.8	0.8	0.0	2240	0.0	inf	0.929	0.95	1.0	0.528	0.645	0.72	0.828	0.89	1.0	0.617	0.78	0.896	0.75
PCI00C50	KL21	lq	PC0225	lasso	inf	4.35	0.6	0.84	0.31	0.69	72	51	0.0286	43.0	8.0	2437.0	29.0	0.99	0.99	0.7	0.7	9.0	4.0	516.0	20.0	0.96	0.96	0.43	0.45	0.0	1207	0.0	inf	0.51	0.61	0.681	0.78	0.84	0.891	0.25	0.33	0.434	0.548	0.67	0.78	0.7
PCI00C80	KL21	lq	PC0229	lasso	inf	2.77	0.6	0.84	0.31	0.69	72	51	0.0286	43.0	8.0	2437.0	29.0	0.99	0.99	0.7	0.7	9.0	4.0	516.0	20.0	0.96	0.96	0.43	0.45	0.0	1481	0.0	inf	0.518	0.58	0.681	0.789	0.86	0.911	0.269	0.35	0.442	0.6	0.765	0.881	0.7
PCI50C50	KL21	lq	PC0281	lasso	inf	2.6	0.63	0.84	0.33	0.69	68	51	0.027	43.0	8.0	2441.0	25.0	0.99	0.99	0.72	0.72	9.0	4.0	518.0	18.0	0.97	0.96	0.45	0.46	0.0	1688	0.0	inf	0.559	0.625	0.671	0.789	0.845	0.911	0.278	0.37	0.421	0.579	0.67	0.822	0.72
PCI50C80	KL21	lq	PC0275	lasso	inf	2.86	0.63	0.84	0.33	0.69	68	51	0.027	43.0	8.0	2441.0	25.0	0.99	0.99	0.72	0.72	9.0	4.0	518.0	18.0	0.97	0.96	0.45	0.46	0.0	1834	0.0	inf	0.57	0.64	0.702	0.788	0.84	0.891	0.329	0.38	0.5	0.638	0.7	0.801	0.72
PCI80C50	KL21	lq	PC0325	lasso	inf	2.26	0.61	0.76	0.31	0.62	64	51	0.0254	39.0	12.0	2441.0	25.0	0.99	0.99	0.68	0.68	8.0	5.0	518.0	18.0	0.97	0.96	0.41	0.42	0.0	2166	0.0	inf	0.509	0.595	0.672	0.69	0.77	0.851	0.258	0.32	0.41	0.5	0.6	0.752	0.68
PCI80C80	KL21	lq	PC0383	lasso	inf	0.187	0.63	0.73	0.35	0.62	59	51	0.0234	37.0	14.0	2444.0	22.0	0.99	0.99	0.68	0.67	8.0	5.0	521.0	15.0	0.97	0.96	0.45	0.45	0.0	2240	0.0	inf	0.56	0.63	0.691	0.65	0.73	0.79	0.238	0.385	0.442	0.396	0.64	0.752	0.68
PCI00C50	KL22	lq	PC0206	lasso	inf	2.83	0.46	0.72	0.4	0.71	85	54	0.0338	39.0	15.0	2417.0	46.0	0.98	0.98	0.56	0.56	12.0	5.0	515.0	18.0	0.97	0.96	0.51	0.51	0.0	1207	0.0	inf	0.38	0.46	0.522	0.678	0.735	0.801	0.328	0.395	0.45	0.666	0.72	0.831	0.56
PCI00C80	KL22	lq	PC0220	lasso	inf	2.9	0.46	0.69	0.41	0.71	81	54	0.0322	37.0	17.0	2419.0	44.0	0.98	0.98	0.55	0.55	12.0	5.0	516.0	17.0	0.97	0.96	0.52	0.52	0.0	1481	0.0	inf	0.399	0.46	0.503	0.629	0.69	0.726	0.356	0.42	0.453	0.616	0.74	0.83	0.55
PCI50C50	KL22	lq	PC0232	lasso	inf	2.56	0.46	0.72	0.4	0.71	85	54	0.0338	39.0	15.0	2417.0	46.0	0.98	0.98	0.56	0.56	12.0	5.0	515.0	18.0	0.97	0.96	0.51	0.51	0.0	1688	0.0	inf	0.389	0.46	0.531	0.658	0.715	0.76	0.31	0.38	0.461	0.639	0.71	0.833	0.56
PCI50C80	KL22	lq	PC0249	lasso	inf	2.74	0.46	0.69	0.41	0.71	81	54	0.0322	37.0	17.0	2419.0	44.0	0.98	0.98	0.55	0.55	12.0	5.0	516.0	17.0	0.97	0.96	0.52	0.52	0.0	1834	0.0	inf	0.378	0.45	0.552	0.606	0.68	0.76	0.358	0.415	0.472	0.637	0.695	0.834	0.55
PCI80C50	KL22	lq	PC0288	lasso	inf	2.47	0.45	0.67	0.39	0.65	80	54	0.0318	36.0	18.0	2419.0	44.0	0.98	0.98	0.54	0.54	11.0	6.0	516.0	17.0	0.97	0.96	0.49	0.48	0.0	2166	0.0	inf	0.38	0.45	0.511	0.609	0.65	0.731	0.289	0.38	0.45	0.566	0.67	0.77	0.54
PCI80C80	KL22	lq	PC0292	lasso	inf	2.04	0.44	0.63	0.39	0.65	78	54	0.031	34.0	20.0	2419.0	44.0	0.98	0.97	0.52	0.51	11.0	6.0	516.0	17.0	0.97	0.96	0.49	0.48	0.0	2240	0.0	inf	0.37	0.42	0.46	0.568	0.615	0.74	0.288	0.39	0.441	0.531	0.67	0.801	0.52
PCI00C50	KL24	lq	PC0247	lasso			0.57	0.47	0.06	0.06	69	83	0.0274	39.0	44.0	2404.0	30.0	0.99	0.97	0.52	0.5	1.0	15.0	518.0	17.0	0.97	0.94	0.06	0.03		1207			0.51	0.545	0.61	0.39	0.45	0.521	0.06	0.08	0.09	0.07	0.08	0.1	0.52
PCI00C80	KL24	lq	PC0331	lasso			0.74	0.47	0.25	0.06	53	83	0.0211	39.0	44.0	2420.0	14.0	0.99	0.98	0.57	0.58	1.0	15.0	530.0	3.0	0.99	0.97	0.1	0.11		1481			0.688	0.74	0.77	0.397	0.465	0.542	0.25	0.29	0.5	0.07	0.08	0.11	0.57
PCI50C50	KL24	lq	PC0379	lasso	inf	2.34	0.74	0.47	0.25	0.06	53	83	0.0211	39.0	44.0	2420.0	14.0	0.99	0.98	0.57	0.58	1.0	15.0	530.0	3.0	0.99	0.97	0.1	0.11	0.0	1688	0.0	inf	0.67	0.74	0.815	0.42	0.46	0.54	0.25	0.33	0.5	0.07	0.08	0.1	0.57
PCI50C80	KL24	lq	PC0206	lasso	inf	6.8	0.61	0.71	0.52	0.81	97	83	0.0385	59.0	24.0	2396.0	38.0	0.98	0.98	0.66	0.64	13.0	3.0	521.0	12.0	0.98	0.97	0.63	0.64	0.0	1834	0.0	inf	0.54	0.615	0.683	0.64	0.74	0.81	0.389	0.5	0.61	0.7	0.82	0.911	0.66
PCI80C50	KL24	lq	PC0262	lasso	inf	8.16	0.8	0.76	0.79	0.94	79	83	0.0314	63.0	20.0	2418.0	16.0	0.99	0.99	0.78	0.77	15.0	1.0	529.0	4.0	0.99	0.99	0.86	0.86	0.0	2166	0.0	inf	0.76	0.8	0.853	0.72	0.745	0.802	0.69	0.75	0.873	0.82	0.86	0.934	0.78
PCI80C80	KL24	lq	PC0277	lasso	inf	5.09	0.79	0.71	0.76	0.81	75	83	0.0298	59.0	24.0	2418.0	16.0	0.99	0.98	0.75	0.74	13.0	3.0	529.0	4.0	0.99	0.99	0.78	0.78	0.0	2240	0.0	inf	0.72	0.785	0.831	0.64	0.7	0.75	0.669	0.77	0.862	0.767	0.82	0.924	0.75
PCI00C50	KL25	lq	PC0183	lasso	inf	4.59	0.62	0.89	0.56	0.9	76	53	0.0302	47.0	6.0	2435.0	29.0	0.99	0.99	0.73	0.73	9.0	1.0	532.0	7.0	0.99	0.99	0.69	0.71	0.0	1207	0.0	inf	0.548	0.625	0.71	0.828	0.875	0.94	0.42	0.55	0.642	0.668	0.79	1.0	0.73
PCI00C80	KL25	lq	PC0256	lasso	inf	1.87	0.6	0.58	0.42	0.5	52	53	0.0207	31.0	22.0	2443.0	21.0	0.99	0.98	0.59	0.58	5.0	5.0	532.0	7.0	0.99	0.98	0.46	0.45	0.0	1481	0.0	inf	0.5	0.605	0.653	0.499	0.57	0.631	0.178	0.36	0.5	0.284	0.44	0.56	0.59
PCI50C50	KL25	lq	PC0259	lasso	inf	6.06	0.64	0.81	0.53	0.8	67	53	0.0266	43.0	10.0	2440.0	24.0	0.99	0.99	0.72	0.71	8.0	2.0	532.0	7.0	0.99	0.98	0.64	0.65	0.0	1688	0.0	inf	0.599	0.63	0.69	0.778	0.835	0.89	0.36	0.5	0.622	0.497	0.78	1.0	0.72
PCI50C80	KL25	lq	PC0258	lasso	inf	2.08	0.57	0.81	0.36	0.8	76	53	0.0302	43.0	10.0	2431.0	33.0	0.99	0.98	0.67	0.67	8.0	2.0	525.0	14.0	0.97	0.97	0.5	0.53	0.0	1834	0.0	inf	0.51	0.555	0.601	0.758	0.795	0.881	0.308	0.355	0.415	0.569	0.78	0.886	0.67
PCI80C50	KL25	lq	PC0349	lasso	inf	3.77	0.62	0.7	0.42	0.5	60	53	0.0238	37.0	16.0	2441.0	23.0	0.99	0.98	0.66	0.65	5.0	5.0	532.0	7.0	0.99	0.98	0.46	0.45	0.0	2166	0.0	inf	0.5	0.62	0.682	0.56	0.68	0.74	0.248	0.345	0.453	0.328	0.44	0.503	0.66
PCI80C80	KL25	lq	PC0467	lasso	inf	2.63	0.68	0.53	0.12	0.1	41	53	0.0163	28.0	25.0	2451.0	13.0	0.99	0.98	0.6	0.59	1.0	9.0	532.0	7.0	0.99	0.97	0.11	0.1	0.0	2240	0.0	inf	0.589	0.675	0.763	0.418	0.525	0.61	0.12	0.17	0.263	0.1	0.12	0.17	0.6
PCI00C50	KL28	lq	PC0222	lasso	inf	9.0	0.68	0.76	0.56	1.0	57	51	0.0226	39.0	12.0	2448.0	18.0	0.99	0.99	0.72	0.72	10.0	0.0	531.0	8.0	0.99	0.99	0.72	0.74	0.0	1207	0.0	inf	0.61	0.68	0.761	0.69	0.76	0.83	0.5	0.61	0.786	0.88	1.0	1.0	0.72
PCI00C80	KL28	lq	PC0333	lasso	inf	11.1	0.8	0.69	0.9	0.9	44	51	0.0175	35.0	16.0	2457.0	9.0	1.0	0.99	0.74	0.73	9.0	1.0	538.0	1.0	1.0	1.0	0.9	0.9	0.0	1481	0.0	inf	0.7	0.79	0.862	0.58	0.685	0.75	0.858	0.88	1.0	0.696	0.88	1.0	0.74
PCI50C50	KL28	lq	PC0279	lasso	inf	5.29	0.75	0.76	0.71	1.0	52	51	0.0207	39.0	12.0	2453.0	13.0	0.99	0.99	0.75	0.75	10.0	0.0	535.0	4.0	0.99	0.99	0.83	0.84	0.0	1688	0.0	inf	0.668	0.74	0.82	0.708	0.77	0.832	0.6	0.7	0.886	0.86	1.0	1.0	0.75
PCI50C80	KL28	lq	PC0378	lasso	inf	5.05	0.8	0.69	0.9	0.9	44	51	0.0175	35.0	16.0	2457.0	9.0	1.0	0.99	0.74	0.73	9.0	1.0	538.0	1.0	1.0	1.0	0.9	0.9	0.0	1834	0.0	inf	0.728	0.81	0.87	0.64	0.705	0.781	0.828	0.89	1.0	0.746	0.88	1.0	0.74
PCI80C50	KL28	lq	PC0328	lasso	inf	5.41	0.72	0.71	0.67	1.0	50	51	0.0199	36.0	15.0	2452.0	14.0	0.99	0.99	0.71	0.71	10.0	0.0	534.0	5.0	0.99	0.99	0.8	0.81	0.0	2166	0.0	inf	0.69	0.71	0.771	0.66	0.715	0.791	0.636	0.71	0.83	0.857	1.0	1.0	0.71
PCI80C80	KL28	lq	PC0560	lasso	inf	7.94	0.77	0.47	1.0	0.6	31	51	0.0123	24.0	27.0	2459.0	7.0	1.0	0.99	0.58	0.6	6.0	4.0	539.0	0.0	1.0	0.99	0.75	0.77	0.0	2240	0.0	inf	0.707	0.76	0.854	0.408	0.48	0.542	1.0	1.0	1.0	0.378	0.57	0.67	0.58
PCI00C50	KL3	lq	PC0361	lasso	inf	5.17	1.0	0.64	1.0	0.75	37	58	0.0147	37.0	21.0	2459.0	0.0	1.0	0.99	0.78	0.8	9.0	3.0	537.0	0.0	1.0	0.99	0.86	0.86	0.0	1207	0.0	inf	1.0	1.0	1.0	0.549	0.63	0.683	1.0	1.0	1.0	0.636	0.7	0.782	0.78
PCI00C80	KL3	lq	PC0406	lasso	inf	4.35	1.0	0.64	1.0	0.75	37	58	0.0147	37.0	21.0	2459.0	0.0	1.0	0.99	0.78	0.8	9.0	3.0	537.0	0.0	1.0	0.99	0.86	0.86	0.0	1481	0.0	inf	1.0	1.0	1.0	0.588	0.635	0.721	1.0	1.0	1.0	0.566	0.7	0.881	0.78
PCI50C50	KL3	lq	PC0449	lasso	inf	5.0	1.0	0.66	1.0	0.75	38	58	0.0151	38.0	20.0	2459.0	0.0	1.0	0.99	0.8	0.81	9.0	3.0	537.0	0.0	1.0	0.99	0.86	0.86	0.0	1688	0.0	inf	1.0	1.0	1.0	0.609	0.655	0.712	1.0	1.0	1.0	0.638	0.7	0.752	0.8
PCI50C80	KL3	lq	PC0466	lasso	inf	3.27	1.0	0.64	1.0	0.75	37	58	0.0147	37.0	21.0	2459.0	0.0	1.0	0.99	0.78	0.8	9.0	3.0	537.0	0.0	1.0	0.99	0.86	0.86	0.0	1834	0.0	inf	1.0	1.0	1.0	0.55	0.62	0.683	1.0	1.0	1.0	0.595	0.7	0.804	0.78
PCI80C50	KL3	lq	PC0493	lasso	inf	11.4	1.0	0.66	1.0	0.75	38	58	0.0151	38.0	20.0	2459.0	0.0	1.0	0.99	0.8	0.81	9.0	3.0	537.0	0.0	1.0	0.99	0.86	0.86	0.0	2166	0.0	inf	1.0	1.0	1.0	0.588	0.67	0.71	1.0	1.0	1.0	0.62	0.7	0.781	0.8
PCI80C80	KL3	lq	PC0490	lasso	inf	3.31	1.0	0.64	1.0	0.75	37	58	0.0147	37.0	21.0	2459.0	0.0	1.0	0.99	0.78	0.8	9.0	3.0	537.0	0.0	1.0	0.99	0.86	0.86	0.0	2240	0.0	inf	1.0	1.0	1.0	0.569	0.655	0.742	1.0	1.0	1.0	0.56	0.73	0.8	0.78
PCI00C50	KL30	lq	PC0454	lasso	inf	5.0	1.0	0.34	1.0	0.17	24	70	0.00954	24.0	46.0	2447.0	0.0	1.0	0.98	0.51	0.58	4.0	20.0	525.0	0.0	1.0	0.96	0.29	0.4	0.0	1207	0.0	inf	1.0	1.0	1.0	0.27	0.33	0.431	1.0	1.0	1.0	0.06	0.15	0.24	0.51
PCI00C80	KL30	lq	PC0522	lasso	inf	3.66	1.0	0.34	1.0	0.17	24	70	0.00954	24.0	46.0	2447.0	0.0	1.0	0.98	0.51	0.58	4.0	20.0	525.0	0.0	1.0	0.96	0.29	0.4	0.0	1481	0.0	inf	1.0	1.0	1.0	0.28	0.34	0.42	1.0	1.0	1.0	0.12	0.19	0.24	0.51
PCI50C50	KL30	lq	PC0585	lasso	inf	3.12	1.0	0.34	1.0	0.17	24	70	0.00954	24.0	46.0	2447.0	0.0	1.0	0.98	0.51	0.58	4.0	20.0	525.0	0.0	1.0	0.96	0.29	0.4	0.0	1688	0.0	inf	1.0	1.0	1.0	0.29	0.35	0.432	1.0	1.0	1.0	0.138	0.17	0.224	0.51
PCI50C80	KL30	lq	PC0239	lasso	inf	3.15	0.54	0.59	0.41	0.58	76	70	0.0302	41.0	29.0	2412.0	35.0	0.99	0.97	0.56	0.55	14.0	10.0	505.0	20.0	0.96	0.95	0.48	0.46	0.0	1834	0.0	inf	0.48	0.54	0.604	0.518	0.58	0.681	0.328	0.405	0.481	0.468	0.56	0.72	0.56
PCI80C50	KL30	lq	PC0220	lasso	inf	3.31	0.56	0.64	0.43	0.62	80	70	0.0318	45.0	25.0	2412.0	35.0	0.99	0.98	0.6	0.59	15.0	9.0	505.0	20.0	0.96	0.95	0.51	0.49	0.0	2166	0.0	inf	0.5	0.565	0.602	0.57	0.65	0.714	0.349	0.45	0.481	0.57	0.67	0.733	0.6
PCI80C80	KL30	lq	PC0252	lasso	inf	3.34	0.54	0.59	0.41	0.58	76	70	0.0302	41.0	29.0	2412.0	35.0	0.99	0.97	0.56	0.55	14.0	10.0	505.0	20.0	0.96	0.95	0.48	0.46	0.0	2240	0.0	inf	0.5	0.555	0.601	0.538	0.595	0.661	0.348	0.44	0.5	0.47	0.605	0.71	0.56
PCI00C50	KL35	lq	PC0602	lasso	inf	0.891	0.31	0.16	0.17	0.07	13	25	0.00516	4.0	21.0	2483.0	9.0	1.0	0.99	0.21	0.22	1.0	13.0	530.0	5.0	0.99	0.97	0.1	0.09	0.0	1207	0.0	inf	0.104	0.29	0.43	0.057	0.125	0.24	0.162	0.2	0.25	0.076	0.09	0.121	0.21
PCI00C80	KL35	lq	PC0699	lasso	inf	0.404	0.31	0.16	0.17	0.07	13	25	0.00516	4.0	21.0	2483.0	9.0	1.0	0.99	0.21	0.22	1.0	13.0	530.0	5.0	0.99	0.97	0.1	0.09	0.0	1481	0.0	inf	0.12	0.33	0.439	0.079	0.175	0.25	0.198	0.2	0.339	0.08	0.095	0.172	0.21
PCI50C50	KL35	lq	PC0671	lasso	inf	4.4	0.71	0.4	0.67	0.29	14	25	0.00556	10.0	15.0	2488.0	4.0	1.0	0.99	0.51	0.53	4.0	10.0	533.0	2.0	1.0	0.98	0.4	0.43	0.0	1688	0.0	inf	0.569	0.72	0.881	0.286	0.405	0.502	0.5	0.67	0.8	0.218	0.33	0.402	0.51
PCI50C80	KL35	lq	PC0716	lasso	inf	4.41	0.71	0.4	0.67	0.29	14	25	0.00556	10.0	15.0	2488.0	4.0	1.0	0.99	0.51	0.53	4.0	10.0	533.0	2.0	1.0	0.98	0.4	0.43	0.0	1834	0.0	inf	0.566	0.685	0.867	0.269	0.33	0.5	0.5	0.67	0.763	0.218	0.315	0.381	0.51
PCI80C50	KL35	lq	PC1219	lasso	inf	6.04	1.0	0.32	1.0	0.21	8	25	0.00318	8.0	17.0	2492.0	0.0	1.0	0.99	0.48	0.56	3.0	11.0	535.0	0.0	1.0	0.98	0.35	0.46	0.0	2166	0.0	inf	1.0	1.0	1.0	0.199	0.315	0.421	1.0	1.0	1.0	0.178	0.24	0.302	0.48
PCI80C80	KL35	lq	PC1166	lasso	inf	6.05	1.0	0.32	1.0	0.21	8	25	0.00318	8.0	17.0	2492.0	0.0	1.0	0.99	0.48	0.56	3.0	11.0	535.0	0.0	1.0	0.98	0.35	0.46	0.0	2240	0.0	inf	1.0	1.0	1.0	0.276	0.33	0.44	1.0	1.0	1.0	0.18	0.25	0.3	0.48
PCI00C50	KL38	lq	PC0179	lasso	inf	0.546	0.19	0.45	0.35	0.55	81	33	0.0322	15.0	18.0	2418.0	66.0	0.97	0.97	0.27	0.28	6.0	5.0	527.0	11.0	0.98	0.97	0.43	0.42	0.0	1207	0.0	inf	0.119	0.175	0.21	0.344	0.43	0.533	0.287	0.38	0.46	0.395	0.565	0.75	0.27
PCI00C80	KL38	lq	PC0605	lasso	inf	6.11	0.92	0.36	0.86	0.55	13	33	0.00516	12.0	21.0	2483.0	1.0	1.0	0.99	0.52	0.58	6.0	5.0	537.0	1.0	1.0	0.99	0.67	0.68	0.0	1481	0.0	inf	0.83	0.885	1.0	0.23	0.35	0.422	0.8	0.83	1.0	0.4	0.555	0.672	0.52
PCI50C50	KL38	lq	PC0677	lasso	inf	17.6	0.92	0.36	0.86	0.55	13	33	0.00516	12.0	21.0	2483.0	1.0	1.0	0.99	0.52	0.58	6.0	5.0	537.0	1.0	1.0	0.99	0.67	0.68	0.0	1688	0.0	inf	0.876	0.89	1.0	0.258	0.35	0.45	0.828	0.86	1.0	0.38	0.56	0.68	0.52
PCI50C80	KL38	lq	PC0709	lasso	inf	13.9	0.92	0.36	0.86	0.55	13	33	0.00516	12.0	21.0	2483.0	1.0	1.0	0.99	0.52	0.58	6.0	5.0	537.0	1.0	1.0	0.99	0.67	0.68	0.0	1834	0.0	inf	0.857	0.95	1.0	0.228	0.355	0.431	0.828	0.93	1.0	0.497	0.56	0.672	0.52
PCI80C50	KL38	lq	PC0854	lasso	inf	6.36	0.92	0.36	0.86	0.55	13	33	0.00516	12.0	21.0	2483.0	1.0	1.0	0.99	0.52	0.58	6.0	5.0	537.0	1.0	1.0	0.99	0.67	0.68	0.0	2166	0.0	inf	0.798	0.89	1.0	0.264	0.34	0.53	0.75	0.83	1.0	0.43	0.565	0.71	0.52
PCI80C80	KL38	lq	PC0843	lasso	inf	6.36	0.92	0.36	0.86	0.55	13	33	0.00516	12.0	21.0	2483.0	1.0	1.0	0.99	0.52	0.58	6.0	5.0	537.0	1.0	1.0	0.99	0.67	0.68	0.0	2240	0.0	inf	0.857	0.92	1.0	0.23	0.385	0.483	0.798	0.86	1.0	0.428	0.565	0.754	0.52
PCI00C50	KL39	lq	PC0304	lasso			0.36	0.5	0.06	0.08	56	40	0.0222	20.0	20.0	2441.0	36.0	0.99	0.98	0.42	0.41	1.0	12.0	522.0	16.0	0.97	0.95	0.07	0.04		1207			0.318	0.345	0.4	0.417	0.49	0.64	0.07	0.08	0.1	0.08	0.1	0.111	0.42
PCI00C80	KL39	lq	PC0357	lasso			0.46	0.55	0.13	0.15	48	40	0.0191	22.0	18.0	2451.0	26.0	0.99	0.98	0.5	0.49	2.0	11.0	523.0	13.0	0.98	0.96	0.14	0.12		1481			0.359	0.47	0.534	0.429	0.55	0.642	0.099	0.175	0.222	0.11	0.2	0.252	0.5
PCI50C50	KL39	lq	PC0488	lasso	inf	7.61	0.62	0.52	0.29	0.15	34	40	0.0135	21.0	19.0	2464.0	13.0	0.99	0.99	0.57	0.56	2.0	11.0	531.0	5.0	0.99	0.97	0.2	0.2	0.0	1688	0.0	inf	0.496	0.585	0.68	0.408	0.5	0.602	0.198	0.33	0.405	0.08	0.17	0.222	0.57
PCI50C80	KL39	lq	PC0489	lasso	inf	11.0	0.62	0.52	0.29	0.15	34	40	0.0135	21.0	19.0	2464.0	13.0	0.99	0.99	0.57	0.56	2.0	11.0	531.0	5.0	0.99	0.97	0.2	0.2	0.0	1834	0.0	inf	0.519	0.63	0.71	0.46	0.5	0.58	0.2	0.33	0.509	0.09	0.2	0.252	0.57
PCI80C50	KL39	lq	PC0550	lasso	inf	13.2	0.66	0.52	0.4	0.15	32	40	0.0127	21.0	19.0	2466.0	11.0	1.0	0.99	0.58	0.58	2.0	11.0	533.0	3.0	0.99	0.97	0.22	0.24	0.0	2166	0.0	inf	0.569	0.675	0.781	0.458	0.53	0.652	0.25	0.45	1.0	0.09	0.18	0.29	0.58
PCI80C80	KL39	lq	PC0554	lasso	inf	13.1	0.66	0.52	0.4	0.15	32	40	0.0127	21.0	19.0	2466.0	11.0	1.0	0.99	0.58	0.58	2.0	11.0	533.0	3.0	0.99	0.97	0.22	0.24	0.0	2240	0.0	inf	0.568	0.63	0.751	0.459	0.525	0.601	0.25	0.4	0.509	0.1	0.18	0.252	0.58
PCI00C50	KL47	lq	PC1033	lasso	inf	2.03	1.0	0.33	1.0	0.36	5	15	0.00199	5.0	10.0	2502.0	0.0	1.0	1.0	0.5	0.58	4.0	7.0	538.0	0.0	1.0	0.99	0.53	0.6	0.0	1207	0.0	inf	1.0	1.0	1.0	0.12	0.3	0.44	1.0	1.0	1.0	0.168	0.295	0.504	0.5
PCI00C80	KL47	lq	PC1226	lasso	inf	1.24	1.0	0.33	1.0	0.36	5	15	0.00199	5.0	10.0	2502.0	0.0	1.0	1.0	0.5	0.58	4.0	7.0	538.0	0.0	1.0	0.99	0.53	0.6	0.0	1481	0.0	inf	1.0	1.0	1.0	0.138	0.3	0.44	1.0	1.0	1.0	0.168	0.355	0.43	0.5
PCI50C50	KL47	lq	PC1259	lasso	inf	0.345	1.0	0.33	1.0	0.36	5	15	0.00199	5.0	10.0	2502.0	0.0	1.0	1.0	0.5	0.58	4.0	7.0	538.0	0.0	1.0	0.99	0.53	0.6	0.0	1688	0.0	inf	1.0	1.0	1.0	0.248	0.36	0.5	1.0	1.0	1.0	0.218	0.38	0.5	0.5
PCI50C80	KL47	lq	PC1473	lasso	inf	0.344	1.0	0.33	1.0	0.36	5	15	0.00199	5.0	10.0	2502.0	0.0	1.0	1.0	0.5	0.58	4.0	7.0	538.0	0.0	1.0	0.99	0.53	0.6	0.0	1834	0.0	inf	1.0	1.0	1.0	0.196	0.345	0.503	1.0	1.0	1.0	0.244	0.4	0.505	0.5
PCI80C50	KL47	lq	PC1641	lasso	inf	0.344	1.0	0.33	1.0	0.36	5	15	0.00199	5.0	10.0	2502.0	0.0	1.0	1.0	0.5	0.58	4.0	7.0	538.0	0.0	1.0	0.99	0.53	0.6	0.0	2166	0.0	inf	1.0	1.0	1.0	0.138	0.32	0.5	1.0	1.0	1.0	0.196	0.355	0.5	0.5
PCI80C80	KL47	lq	PC1807	lasso	inf	0.344	1.0	0.33	1.0	0.36	5	15	0.00199	5.0	10.0	2502.0	0.0	1.0	1.0	0.5	0.58	4.0	7.0	538.0	0.0	1.0	0.99	0.53	0.6	0.0	2240	0.0	inf	1.0	1.0	1.0	0.27	0.37	0.5	1.0	1.0	1.0	0.324	0.4	0.505	0.5
PCI00C50	KL48	lq	PC0873	lasso	inf	10.3	0.6	0.25	0.67	0.2	5	12	0.00199	3.0	9.0	2503.0	2.0	1.0	1.0	0.35	0.39	2.0	8.0	538.0	1.0	1.0	0.98	0.31	0.36	0.0	1207	0.0	inf	0.5	0.67	1.0	0.168	0.25	0.4	0.492	0.67	1.0	0.14	0.25	0.334	0.35
PCI00C80	KL48	lq	PC1307	lasso			1.0	0.25	1.0	0.2	3	12	0.00119	3.0	9.0	2505.0	0.0	1.0	1.0	0.4	0.5	2.0	8.0	539.0	0.0	1.0	0.99	0.33	0.44		1481			1.0	1.0	1.0	0.14	0.29	0.33	1.0	1.0	1.0	0.168	0.25	0.292	0.4
PCI50C50	KL48	lq	PC1550	lasso			1.0	0.25	1.0	0.2	3	12	0.00119	3.0	9.0	2505.0	0.0	1.0	1.0	0.4	0.5	2.0	8.0	539.0	0.0	1.0	0.99	0.33	0.44		1688			1.0	1.0	1.0	0.12	0.25	0.385	1.0	1.0	1.0	0.138	0.25	0.33	0.4
PCI50C80	KL48	lq	PC1695	lasso			1.0	0.25	1.0	0.2	3	12	0.00119	3.0	9.0	2505.0	0.0	1.0	1.0	0.4	0.5	2.0	8.0	539.0	0.0	1.0	0.99	0.33	0.44		1834			1.0	1.0	1.0	0.14	0.25	0.34	1.0	1.0	1.0	0.14	0.25	0.294	0.4
PCI80C50	KL48	lq	PC1996	lasso	inf	2.08	1.0	0.25	1.0	0.2	3	12	0.00119	3.0	9.0	2505.0	0.0	1.0	1.0	0.4	0.5	2.0	8.0	539.0	0.0	1.0	0.99	0.33	0.44	0.0	2166	0.0	inf	1.0	1.0	1.0	0.14	0.26	0.391	1.0	1.0	1.0	0.14	0.25	0.301	0.4
PCI80C80	KL48	lq	PC2085	lasso	inf	2.68	1.0	0.25	1.0	0.3	3	12	0.00119	3.0	9.0	2505.0	0.0	1.0	1.0	0.4	0.5	3.0	7.0	539.0	0.0	1.0	0.99	0.46	0.54	0.0	2240	0.0	inf	1.0	1.0	1.0	0.11	0.17	0.39	1.0	1.0	1.0	0.12	0.2	0.39	0.4
PCI00C50	KL55	lq	PC0402	lasso	inf	5.62	0.83	0.63	0.81	0.76	23	30	0.00914	19.0	11.0	2483.0	4.0	1.0	0.99	0.72	0.72	13.0	4.0	529.0	3.0	0.99	0.99	0.78	0.78	0.0	1207	0.0	inf	0.784	0.83	0.931	0.497	0.62	0.691	0.748	0.82	0.92	0.579	0.705	0.85	0.72
PCI00C80	KL55	lq	PC0449	lasso	inf	5.79	0.83	0.63	0.81	0.76	23	30	0.00914	19.0	11.0	2483.0	4.0	1.0	0.99	0.72	0.72	13.0	4.0	529.0	3.0	0.99	0.99	0.78	0.78	0.0	1481	0.0	inf	0.75	0.835	0.921	0.538	0.645	0.714	0.728	0.825	0.901	0.578	0.72	0.83	0.72
PCI50C50	KL55	lq	PC0519	lasso	inf	6.85	0.83	0.63	0.81	0.76	23	30	0.00914	19.0	11.0	2483.0	4.0	1.0	0.99	0.72	0.72	13.0	4.0	529.0	3.0	0.99	0.99	0.78	0.78	0.0	1688	0.0	inf	0.67	0.815	0.93	0.495	0.615	0.741	0.67	0.82	0.911	0.566	0.7	0.793	0.72
PCI50C80	KL55	lq	PC0526	lasso	inf	6.68	0.83	0.63	0.81	0.76	23	30	0.00914	19.0	11.0	2483.0	4.0	1.0	0.99	0.72	0.72	13.0	4.0	529.0	3.0	0.99	0.99	0.78	0.78	0.0	1834	0.0	inf	0.689	0.795	0.882	0.557	0.64	0.71	0.67	0.785	0.891	0.6	0.72	0.791	0.72
PCI80C50	KL55	lq	PC0808	lasso	inf	6.59	0.83	0.5	0.77	0.59	18	30	0.00715	15.0	15.0	2484.0	3.0	1.0	0.99	0.62	0.64	10.0	7.0	529.0	3.0	0.99	0.98	0.67	0.66	0.0	2166	0.0	inf	0.73	0.84	0.931	0.378	0.475	0.712	0.668	0.82	0.91	0.379	0.54	0.773	0.62
PCI80C80	KL55	lq	PC0812	lasso	inf	6.6	0.83	0.5	0.77	0.59	18	30	0.00715	15.0	15.0	2484.0	3.0	1.0	0.99	0.62	0.64	10.0	7.0	529.0	3.0	0.99	0.98	0.67	0.66	0.0	2240	0.0	inf	0.727	0.82	0.911	0.414	0.525	0.631	0.698	0.765	0.9	0.419	0.6	0.643	0.62
PCI00C50	KL57	lq	PC0333	lasso			0.15	0.42	0.18	0.36	34	12	0.0135	5.0	7.0	2476.0	29.0	0.99	0.99	0.22	0.24	4.0	7.0	520.0	18.0	0.97	0.95	0.24	0.24		1207			0.08	0.17	0.21	0.294	0.435	0.572	0.118	0.195	0.253	0.294	0.43	0.57	0.22
PCI00C80	KL57	lq	PC0441	lasso			0.17	0.42	0.18	0.36	30	12	0.0119	5.0	7.0	2480.0	25.0	0.99	0.99	0.24	0.26	4.0	7.0	520.0	18.0	0.97	0.95	0.24	0.24		1481			0.098	0.155	0.221	0.288	0.4	0.601	0.08	0.19	0.242	0.248	0.38	0.504	0.24
PCI50C50	KL57	lq	PC0835	lasso	inf	3.41	0.5	0.42	0.44	0.36	10	12	0.00397	5.0	7.0	2500.0	5.0	1.0	1.0	0.46	0.45	4.0	7.0	533.0	5.0	0.99	0.98	0.4	0.39	0.0	1688	0.0	inf	0.288	0.5	0.622	0.219	0.415	0.562	0.288	0.5	0.6	0.219	0.39	0.5	0.46
PCI50C80	KL57	lq	PC0722	lasso	inf	3.63	0.29	0.33	0.33	0.27	14	12	0.00556	4.0	8.0	2495.0	10.0	1.0	0.99	0.31	0.31	3.0	8.0	532.0	6.0	0.99	0.97	0.3	0.29	0.0	1834	0.0	inf	0.1	0.235	0.334	0.168	0.27	0.386	0.14	0.29	0.405	0.168	0.27	0.383	0.31
PCI80C50	KL57	lq	PC1646	lasso	inf	1.86	0.8	0.33	1.0	0.27	5	12	0.00199	4.0	8.0	2504.0	1.0	1.0	1.0	0.47	0.52	3.0	8.0	538.0	0.0	1.0	0.99	0.43	0.52	0.0	2166	0.0	inf	0.5	0.75	1.0	0.139	0.315	0.442	0.5	1.0	1.0	0.139	0.295	0.439	0.47
PCI80C80	KL57	lq	PC1677	lasso	inf	1.86	0.8	0.33	1.0	0.27	5	12	0.00199	4.0	8.0	2504.0	1.0	1.0	1.0	0.47	0.52	3.0	8.0	538.0	0.0	1.0	0.99	0.43	0.52	0.0	2240	0.0	inf	0.662	0.8	1.0	0.196	0.33	0.504	0.662	1.0	1.0	0.196	0.31	0.5	0.47
PCI00C50	KL6	lq	PC0596	lasso	inf	4.36	0.75	0.41	0.78	0.39	12	22	0.00477	9.0	13.0	2492.0	3.0	1.0	0.99	0.53	0.55	7.0	11.0	529.0	2.0	1.0	0.98	0.52	0.54	0.0	1207	0.0	inf	0.617	0.745	0.861	0.329	0.42	0.542	0.67	0.71	0.861	0.33	0.4	0.507	0.53
PCI00C80	KL6	lq	PC1157	lasso	inf	5.12	1.0	0.23	1.0	0.22	5	22	0.00199	5.0	17.0	2495.0	0.0	1.0	0.99	0.37	0.48	4.0	14.0	531.0	0.0	1.0	0.97	0.36	0.47	0.0	1481	0.0	inf	1.0	1.0	1.0	0.118	0.25	0.33	1.0	1.0	1.0	0.119	0.23	0.303	0.37
PCI50C50	KL6	lq	PC0404	lasso	inf	5.39	0.54	0.91	0.61	0.94	37	22	0.0147	20.0	2.0	2478.0	17.0	0.99	0.99	0.68	0.7	17.0	1.0	520.0	11.0	0.98	0.98	0.74	0.75	0.0	1688	0.0	inf	0.43	0.525	0.614	0.819	0.88	1.0	0.468	0.555	0.672	0.8	0.92	1.0	0.68
PCI50C80	KL6	lq	PC0547	lasso	inf	13.1	0.48	0.59	0.57	0.67	27	22	0.0107	13.0	9.0	2481.0	14.0	0.99	0.99	0.53	0.53	12.0	6.0	522.0	9.0	0.98	0.97	0.62	0.6	0.0	1834	0.0	inf	0.358	0.47	0.582	0.399	0.59	0.69	0.33	0.515	0.621	0.492	0.63	0.77	0.53
PCI80C50	KL6	lq	PC0658	lasso	inf	4.69	0.52	0.59	0.63	0.67	25	22	0.00993	13.0	9.0	2483.0	12.0	1.0	0.99	0.55	0.55	12.0	6.0	524.0	7.0	0.99	0.98	0.65	0.64	0.0	2166	0.0	inf	0.378	0.53	0.651	0.494	0.6	0.691	0.449	0.63	0.71	0.55	0.645	0.781	0.55
PCI80C80	KL6	lq	PC0656	lasso	inf	4.61	0.52	0.59	0.63	0.67	25	22	0.00993	13.0	9.0	2483.0	12.0	1.0	0.99	0.55	0.55	12.0	6.0	524.0	7.0	0.99	0.98	0.65	0.64	0.0	2240	0.0	inf	0.457	0.53	0.651	0.5	0.585	0.69	0.528	0.61	0.732	0.54	0.67	0.753	0.55
PCI00C50	KL60	lq	PC0656	lasso	inf	4.76	0.36	0.27	0.67	0.4	11	15	0.00437	4.0	11.0	2495.0	7.0	1.0	0.99	0.31	0.31	4.0	6.0	537.0	2.0	1.0	0.99	0.5	0.51	0.0	1207	0.0	inf	0.114	0.345	0.504	0.104	0.28	0.402	0.314	0.55	0.8	0.133	0.365	0.504	0.31
PCI00C80	KL60	lq	PC0501	lasso	inf	0.792	0.37	0.47	0.44	0.4	19	15	0.00755	7.0	8.0	2490.0	12.0	1.0	0.99	0.41	0.41	4.0	6.0	534.0	5.0	0.99	0.98	0.42	0.41	0.0	1481	0.0	inf	0.177	0.38	0.5	0.284	0.45	0.566	0.286	0.5	0.604	0.246	0.435	0.67	0.41
PCI50C50	KL60	lq	PC0464	lasso	inf	11.7	0.44	0.8	0.58	0.7	27	15	0.0107	12.0	3.0	2487.0	15.0	0.99	0.99	0.57	0.59	7.0	3.0	534.0	5.0	0.99	0.99	0.63	0.63	0.0	1688	0.0	inf	0.347	0.45	0.537	0.729	0.8	0.915	0.425	0.58	0.672	0.667	0.75	0.886	0.57
PCI50C80	KL60	lq	PC0744	lasso	inf	3.85	0.64	0.47	0.57	0.4	11	15	0.00437	7.0	8.0	2498.0	4.0	1.0	1.0	0.54	0.54	4.0	6.0	536.0	3.0	0.99	0.98	0.47	0.47	0.0	1834	0.0	inf	0.4	0.67	0.8	0.29	0.5	0.7	0.326	0.6	1.0	0.198	0.465	0.604	0.54
PCI80C50	KL60	lq	PC0871	lasso	inf	4.19	0.62	0.53	0.86	0.6	13	15	0.00516	8.0	7.0	2497.0	5.0	1.0	1.0	0.57	0.57	6.0	4.0	538.0	1.0	1.0	0.99	0.71	0.71	0.0	2166	0.0	inf	0.557	0.6	0.712	0.419	0.56	0.712	0.746	0.8	0.832	0.428	0.55	0.838	0.57
PCI80C80	KL60	lq	PC1055	lasso	inf	6.53	0.55	0.4	0.86	0.6	11	15	0.00437	6.0	9.0	2497.0	5.0	1.0	0.99	0.46	0.46	6.0	4.0	538.0	1.0	1.0	0.99	0.71	0.71	0.0	2240	0.0	inf	0.4	0.525	0.756	0.269	0.38	0.503	0.67	0.775	0.86	0.378	0.5	0.754	0.46
PCI00C50	KL61	lq	PC0374	lasso			0.14	0.21	0.08	0.08	35	24	0.0139	5.0	19.0	2463.0	30.0	0.99	0.98	0.17	0.16	1.0	11.0	526.0	11.0	0.98	0.96	0.08	0.06		1207			0.086	0.14	0.202	0.133	0.21	0.27	0.095	0.11	0.174	0.086	0.115	0.142	0.17
PCI00C80	KL61	lq	PC0430	lasso	inf	2.99	0.24	0.33	0.17	0.33	34	24	0.0135	8.0	16.0	2467.0	26.0	0.99	0.98	0.28	0.27	4.0	8.0	518.0	20.0	0.96	0.95	0.22	0.21	0.0	1481	0.0	inf	0.138	0.21	0.292	0.249	0.32	0.386	0.098	0.16	0.271	0.248	0.315	0.452	0.28
PCI50C50	KL61	lq	PC0505	lasso			0.28	0.38	0.05	0.08	32	24	0.0127	9.0	15.0	2470.0	23.0	0.99	0.98	0.32	0.32	1.0	11.0	519.0	19.0	0.96	0.95	0.06	0.04		1688			0.17	0.295	0.352	0.249	0.37	0.452	0.06	0.07	0.1	0.09	0.11	0.142	0.32
PCI50C80	KL61	lq	PC0497	lasso			0.28	0.38	0.05	0.08	32	24	0.0127	9.0	15.0	2470.0	23.0	0.99	0.98	0.32	0.32	1.0	11.0	519.0	19.0	0.96	0.95	0.06	0.04		1834			0.17	0.3	0.361	0.23	0.38	0.502	0.07	0.075	0.091	0.09	0.11	0.172	0.32
PCI80C50	KL61	lq	PC0651	lasso			0.36	0.38	0.07	0.08	25	24	0.00993	9.0	15.0	2477.0	16.0	0.99	0.99	0.37	0.36	1.0	11.0	525.0	13.0	0.98	0.96	0.07	0.05		2166			0.27	0.36	0.44	0.289	0.36	0.54	0.08	0.1	0.123	0.09	0.12	0.172	0.37
PCI80C80	KL61	lq	PC0666	lasso			0.36	0.38	0.07	0.08	25	24	0.00993	9.0	15.0	2477.0	16.0	0.99	0.99	0.37	0.36	1.0	11.0	525.0	13.0	0.98	0.96	0.07	0.05		2240			0.289	0.36	0.478	0.278	0.4	0.504	0.08	0.1	0.143	0.09	0.12	0.17	0.37
PCI00C50	KL62	lq	PC0380	lasso	inf	4.95	0.83	0.65	0.78	0.54	29	37	0.0115	24.0	13.0	2475.0	5.0	1.0	0.99	0.73	0.73	7.0	6.0	534.0	2.0	1.0	0.99	0.64	0.64	0.0	1207	0.0	inf	0.72	0.815	0.902	0.548	0.62	0.651	0.668	0.75	0.832	0.5	0.59	0.674	0.73
PCI00C80	KL62	lq	PC0619	lasso	inf	1.92	1.0	0.43	1.0	0.23	16	37	0.00636	16.0	21.0	2480.0	0.0	1.0	0.99	0.6	0.65	3.0	10.0	536.0	0.0	1.0	0.98	0.37	0.48	0.0	1481	0.0	inf	1.0	1.0	1.0	0.25	0.42	0.504	1.0	1.0	1.0	0.176	0.25	0.335	0.6
PCI50C50	KL62	lq	PC0400	lasso	inf	6.07	0.88	0.78	0.8	0.62	33	37	0.0131	29.0	8.0	2476.0	4.0	1.0	1.0	0.83	0.83	8.0	5.0	534.0	2.0	1.0	0.99	0.7	0.7	0.0	1688	0.0	inf	0.829	0.865	0.95	0.71	0.8	0.862	0.668	0.8	0.881	0.548	0.685	0.862	0.83
PCI50C80	KL62	lq	PC0711	lasso	inf	0.54	1.0	0.43	1.0	0.23	16	37	0.00636	16.0	21.0	2480.0	0.0	1.0	0.99	0.6	0.65	3.0	10.0	536.0	0.0	1.0	0.98	0.37	0.48	0.0	1834	0.0	inf	1.0	1.0	1.0	0.399	0.445	0.582	1.0	1.0	1.0	0.17	0.25	0.38	0.6
PCI80C50	KL62	lq	PC0573	lasso	inf	6.98	0.89	0.65	0.88	0.54	27	37	0.0107	24.0	13.0	2477.0	3.0	1.0	0.99	0.75	0.76	7.0	6.0	535.0	1.0	1.0	0.99	0.67	0.68	0.0	2166	0.0	inf	0.81	0.88	0.94	0.569	0.65	0.711	0.667	0.86	0.886	0.494	0.585	0.704	0.75
PCI80C80	KL62	lq	PC0951	lasso	inf	0.211	1.0	0.35	1.0	0.15	13	37	0.00516	13.0	24.0	2480.0	0.0	1.0	0.99	0.52	0.59	2.0	11.0	536.0	0.0	1.0	0.98	0.26	0.39	0.0	2240	0.0	inf	1.0	1.0	1.0	0.26	0.37	0.442	1.0	1.0	1.0	0.119	0.2	0.252	0.52
PCI00C50	KL64	lq	PC0152	lasso	inf	3.99	0.34	0.74	0.36	0.89	115	53	0.0457	39.0	14.0	2388.0	76.0	0.97	0.96	0.47	0.48	16.0	2.0	504.0	28.0	0.95	0.95	0.51	0.55	0.0	1207	0.0	inf	0.298	0.35	0.391	0.68	0.73	0.79	0.32	0.36	0.412	0.786	0.87	0.93	0.47
PCI00C80	KL64	lq	PC0144	lasso	inf	2.91	0.21	0.57	0.22	0.78	144	53	0.0572	30.0	23.0	2350.0	114.0	0.95	0.95	0.31	0.32	14.0	4.0	480.0	51.0	0.9	0.9	0.34	0.38	0.0	1481	0.0	inf	0.19	0.215	0.241	0.529	0.57	0.652	0.2	0.215	0.26	0.67	0.725	0.812	0.31
PCI50C50	KL64	lq	PC0264	lasso	inf	4.49	0.53	0.74	0.52	0.89	73	53	0.029	39.0	14.0	2430.0	34.0	0.99	0.98	0.62	0.62	16.0	2.0	516.0	15.0	0.97	0.97	0.66	0.66	0.0	1688	0.0	inf	0.488	0.54	0.643	0.658	0.74	0.852	0.498	0.54	0.623	0.76	0.86	0.921	0.62
PCI50C80	KL64	lq	PC0298	lasso	inf	3.64	0.47	0.57	0.48	0.78	64	53	0.0254	30.0	23.0	2430.0	34.0	0.99	0.98	0.52	0.5	14.0	4.0	516.0	15.0	0.97	0.97	0.59	0.6	0.0	1834	0.0	inf	0.4	0.45	0.501	0.499	0.57	0.632	0.43	0.52	0.592	0.666	0.72	0.822	0.52
PCI80C50	KL64	lq	PC0311	lasso	inf	4.42	0.48	0.6	0.48	0.78	67	53	0.0266	32.0	21.0	2429.0	35.0	0.99	0.98	0.53	0.53	14.0	4.0	516.0	15.0	0.97	0.97	0.59	0.6	0.0	2166	0.0	inf	0.416	0.465	0.511	0.5	0.605	0.71	0.39	0.5	0.572	0.639	0.745	0.801	0.53
PCI80C80	KL64	lq	PC0319	lasso	inf	3.63	0.47	0.57	0.48	0.78	64	53	0.0254	30.0	23.0	2430.0	34.0	0.99	0.98	0.52	0.5	14.0	4.0	516.0	15.0	0.97	0.97	0.59	0.6	0.0	2240	0.0	inf	0.437	0.485	0.551	0.48	0.555	0.662	0.448	0.51	0.62	0.67	0.73	0.813	0.52
PCI00C50	KL7	lq	PC0219	lasso	inf	4.02	0.2	0.64	0.38	0.82	69	22	0.0274	14.0	8.0	2440.0	55.0	0.98	0.97	0.3	0.35	9.0	2.0	523.0	15.0	0.97	0.97	0.52	0.54	0.0	1207	0.0	inf	0.139	0.205	0.28	0.589	0.67	0.781	0.288	0.365	0.472	0.71	0.79	0.905	0.3
PCI00C80	KL7	lq	PC0473	lasso	inf	4.8	0.36	0.45	0.24	0.45	28	22	0.0111	10.0	12.0	2477.0	18.0	0.99	0.99	0.4	0.4	5.0	6.0	522.0	16.0	0.97	0.96	0.31	0.31	0.0	1481	0.0	inf	0.238	0.365	0.426	0.27	0.475	0.583	0.2	0.29	0.362	0.399	0.565	0.716	0.4
PCI50C50	KL7	lq	PC0539	lasso	inf	0.734	0.37	0.45	0.25	0.45	27	22	0.0107	10.0	12.0	2478.0	17.0	0.99	0.99	0.41	0.4	5.0	6.0	523.0	15.0	0.97	0.96	0.32	0.32	0.0	1688	0.0	inf	0.28	0.37	0.464	0.3	0.445	0.551	0.2	0.285	0.361	0.378	0.5	0.572	0.41
PCI50C80	KL7	lq	PC0558	lasso			0.37	0.45	0.25	0.45	27	22	0.0107	10.0	12.0	2478.0	17.0	0.99	0.99	0.41	0.4	5.0	6.0	523.0	15.0	0.97	0.96	0.32	0.32		1834			0.289	0.355	0.47	0.33	0.445	0.531	0.178	0.29	0.363	0.399	0.475	0.622	0.41
PCI80C50	KL7	lq	PC1311	lasso			0.75	0.27	0.67	0.18	8	22	0.00318	6.0	16.0	2493.0	2.0	1.0	0.99	0.4	0.45	2.0	9.0	537.0	1.0	1.0	0.98	0.28	0.34		2166			0.5	0.8	1.0	0.08	0.25	0.401	0.5	0.67	1.0	0.109	0.22	0.33	0.4
PCI80C80	KL7	lq	PC1259	lasso			0.75	0.27	0.67	0.18	8	22	0.00318	6.0	16.0	2493.0	2.0	1.0	0.99	0.4	0.45	2.0	9.0	537.0	1.0	1.0	0.98	0.28	0.34		2240			0.6	0.75	1.0	0.15	0.26	0.381	0.5	0.67	1.0	0.119	0.235	0.334	0.4
PCI00C50	KL8	lq	PC0898	lasso	inf	2.46	0.67	0.11	0.33	0.07	6	35	0.00238	4.0	31.0	2480.0	2.0	1.0	0.99	0.19	0.27	1.0	14.0	532.0	2.0	1.0	0.97	0.12	0.14	0.0	1207	0.0	inf	0.492	0.67	0.81	0.05	0.12	0.18	0.33	0.5	0.525	0.08	0.08	0.09	0.19
PCI00C80	KL8	lq	PC0113	lasso	inf	1.54	0.17	0.8	0.2	0.8	169	35	0.0671	28.0	7.0	2341.0	141.0	0.94	0.94	0.28	0.35	12.0	3.0	488.0	47.0	0.91	0.91	0.32	0.37	0.0	1481	0.0	inf	0.15	0.17	0.21	0.74	0.83	0.893	0.168	0.22	0.242	0.727	0.83	0.92	0.28
PCI50C50	KL8	lq	PC0305	lasso	inf	4.54	0.64	0.8	0.75	0.8	44	35	0.0175	28.0	7.0	2466.0	16.0	0.99	0.99	0.71	0.71	12.0	3.0	530.0	4.0	0.99	0.99	0.77	0.77	0.0	1688	0.0	inf	0.568	0.625	0.742	0.718	0.8	0.881	0.639	0.72	0.802	0.698	0.795	0.853	0.71
PCI50C80	KL8	lq	PC0746	lasso	inf	9.21	0.94	0.43	0.86	0.4	16	35	0.00636	15.0	20.0	2481.0	1.0	1.0	0.99	0.59	0.63	6.0	9.0	533.0	1.0	1.0	0.98	0.55	0.58	0.0	1834	0.0	inf	0.898	0.915	1.0	0.317	0.44	0.504	0.8	0.83	1.0	0.31	0.42	0.462	0.59
PCI80C50	KL8	lq	PC0455	lasso	inf	3.36	0.62	0.69	0.79	0.73	39	35	0.0155	24.0	11.0	2467.0	15.0	0.99	0.99	0.65	0.64	11.0	4.0	531.0	3.0	0.99	0.99	0.76	0.75	0.0	2166	0.0	inf	0.56	0.62	0.674	0.649	0.72	0.781	0.669	0.75	0.822	0.64	0.74	0.915	0.65
PCI80C80	KL8	lq	PC0873	lasso	inf	3.5	0.94	0.43	0.86	0.4	16	35	0.00636	15.0	20.0	2481.0	1.0	1.0	0.99	0.59	0.63	6.0	9.0	533.0	1.0	1.0	0.98	0.55	0.58	0.0	2240	0.0	inf	0.88	0.92	1.0	0.33	0.415	0.522	0.794	0.83	1.0	0.266	0.39	0.503	0.59
